Kategoria,Hangszer_Nev,Oldalcim,URL
Analog,Tiefenrausch,3Lab Tiefenrausch Analog Synthesizer,https://www.sequencer.de/syns/3lab/Tiefenrausch.html
Analog,Bassline,Acidlab Bassline Analog Synthesizer TR sequencer,https://www.sequencer.de/syns/acidlab/Bassline.html
Analog,Bombass,Acidlab Bombass Analog Synthesizer,https://www.sequencer.de/syns/acidlab/Bombass.html
Analog,Bassline2 Basslinemk2,"Acidlab Bassline 2, Bassline Mk 2 Analog Synthesizer TR sequencer",https://www.sequencer.de/syns/acidlab/Bassline2_BasslineMk2.html
Modular,Vostok,Analogue Solutions Vostok Modular Synthesizer analog step sequencer,https://www.sequencer.de/syns/analoguesolutions/Vostok.html
Modular,Phobosredsquare Redsquare2 Redsquaremk2,"Analogue Solutions Phobos Red Square , Red Square 2, Red Square Mk 2 Modular Synthesizer",https://www.sequencer.de/syns/analoguesolutions/PhobosRedSquare_RedSquare2_RedSquareMk2.html
Analog,Semblance,Analogue Solutions Semblance Analog Synthesizer,https://www.sequencer.de/syns/analoguesolutions/Semblance.html
Analog,Leipzigk Leipzigr,"Analogue Solutions Leipzig K, Leipzig R Analog Synthesizer",https://www.sequencer.de/syns/analoguesolutions/LeipzigK_LeipzigR.html
Modular,Telemetry,Analogue Solutions Telemetry Modular Synthesizer,https://www.sequencer.de/syns/analoguesolutions/Telemetry.html
Analog,Leipzigs,Analogue Solutions Leipzig S Analog Synthesizer analog step sequencer,https://www.sequencer.de/syns/analoguesolutions/LeipzigS.html
Modular,Telemark,Analogue Solutions Telemark Analog Synthesizer,https://www.sequencer.de/syns/analoguesolutions/Telemark.html
Analog,Spawn,Analogue Systems Spawn Analog Synthesizer,https://www.sequencer.de/syns/analoguesystems/Spawn.html
Modular,Rsintegrator Sorcerer,"Analogue Systems RSintegrator , Sorcerer Modular Synthesizer analog step sequencer",https://www.sequencer.de/syns/analoguesystems/RSintegrator_Sorcerer.html
Analog,Semtexxl,Anyware Semtex XL Analog Synthesizer,https://www.sequencer.de/syns/anyware/SemtexXL.html
Analog,Simplesizer,Anyware Simplesizer Analog Synthesizer,https://www.sequencer.de/syns/anyware/Simplesizer.html
Modular,Forumodular,Anyware Forumodular Modular Synthesizer,https://www.sequencer.de/syns/anyware/Forumodular.html
Modular,Tinysizer,Anyware Tinysizer Modular Synthesizer,https://www.sequencer.de/syns/anyware/Tinysizer.html
Analog,Moodulator,Anyware Moodulator Analog Synthesizer,https://www.sequencer.de/syns/anyware/Moodulator.html
Modular,Minisizer,Anyware Minisizer Modular Synthesizer,https://www.sequencer.de/syns/anyware/Minisizer.html
Modular,2600,ARP 2600 Modular Synthesizer,https://www.sequencer.de/syns/arp/2600.html
Analog,Odyssey,ARP Odyssey Analog Synthesizer,https://www.sequencer.de/syns/arp/Odyssey.html
Analog,Avatar,ARP Avatar Analog Synthesizer,https://www.sequencer.de/syns/arp/Avatar.html
Analog,Axxe,ARP Axxe Analog Synthesizer,https://www.sequencer.de/syns/arp/Axxe.html
Analog,Solus,ARP Solus Analog Synthesizer,https://www.sequencer.de/syns/arp/Solus.html
Analog,Littlebrother,ARP Little Brother Analog Synthesizer,https://www.sequencer.de/syns/arp/LittleBrother.html
Analog,Prodgx,ARP Pro DGX Analog Synthesizer,https://www.sequencer.de/syns/arp/ProDGX.html
Analog,Explorer1,ARP Explorer 1 Analog Synthesizer,https://www.sequencer.de/syns/arp/Explorer1.html
Modular,Educational Modularsynthesizerlab,"ARP Educational , Modular Synthesizer Lab Modular Synthesizer",https://www.sequencer.de/syns/arp/Educational_ModularSynthesizerLab.html
Analog,Odyssey Korgodyssey,"ARP Odyssey , Korg Odyssey Analog Synthesizer",https://www.sequencer.de/syns/arp/Odyssey_KorgOdyssey.html
Analog,Minibrute,Arturia Mini Brute Analog Synthesizer,https://www.sequencer.de/syns/arturia/MiniBrute.html
Analog,Microbrute,Arturia Microbrute Analog Synthesizer step sequencer,https://www.sequencer.de/syns/arturia/Microbrute.html
Analog,Minibrutese,Arturia Mini Brute SE Analog Synthesizer step sequencer,https://www.sequencer.de/syns/arturia/MiniBruteSE.html
Analog,Matrixbrute,Arturia Matrixbrute Analog Synthesizer step sequencer,https://www.sequencer.de/syns/arturia/Matrixbrute.html
Modular,Axiom Modularpm10,"BME Axiom , Modular PM10 Modular Synthesizer",https://www.sequencer.de/syns/bme/Axiom_ModularPM10.html
Analog,700,BME 700 Analog Synthesizer,https://www.sequencer.de/syns/bme/700.html
Modular,Soundlab,Boehm Soundlab Modular Synthesizer,https://www.sequencer.de/syns/boehm/Soundlab.html
Modular,Musiceasel,Buchla Music Easel Modular Synthesizer step sequencer,https://www.sequencer.de/syns/buchla/MusicEasel.html
Modular,200E,Buchla 200e Modular Synthesizer step sequencer,https://www.sequencer.de/syns/buchla/200e.html
Modular,Newmusiceasel Electricmusicbox2012,"Buchla New Music Easel , Electric Music Box 2012 Modular Synthesizer step sequencer",https://www.sequencer.de/syns/buchla/NewMusicEasel_ElectricMusicBox2012.html
Analog,Ds2,Crumar DS2 Analog Synthesizer,https://www.sequencer.de/syns/crumar/DS2.html
Analog,Spirit,Crumar Spirit Analog Synthesizer,https://www.sequencer.de/syns/crumar/Spirit.html
Analog,Bassman,Crumar Bassman Hybrid Synthesizer simple sequencer,https://www.sequencer.de/syns/crumar/Bassman.html
Modular,Modular,Curetronic Modular Modular Synthesizer analog step sequencer,https://www.sequencer.de/syns/curetronic/Modular.html
Modular,S1,Cwejman S1 Analog Synthesizer,https://www.sequencer.de/syns/cwejman/S1.html
Analog,S2,Cwejman S2 Analog Synthesizer,https://www.sequencer.de/syns/cwejman/S2.html
Modular,Modular,Cwejman Modular Modular Synthesizer,https://www.sequencer.de/syns/cwejman/Modular.html
Analog,Evolver,Dave Smith Evolver Hybrid Synthesizer analog step sequencer,https://www.sequencer.de/syns/davesmith/Evolver.html
Analog,Monoevolverkeyboard Mek,"Dave Smith Mono Evolver Keyboard , MEK Hybrid Synthesizer analog step sequencer",https://www.sequencer.de/syns/davesmith/MonoEvolverKeyboard_MEK.html
Analog,Mopho,Dave Smith Mopho Analog Synthesizer analog step sequencer,https://www.sequencer.de/syns/davesmith/Mopho.html
Analog,Mophokeyboard Mophokb,"Dave Smith Mopho Keyboard , Mopho KB Analog Synthesizer analog step sequencer",https://www.sequencer.de/syns/davesmith/MophoKeyboard_MophoKB.html
Modular,A100 Modular,"Doepfer A100, Modular Modular Synthesizer analog step sequencer",https://www.sequencer.de/syns/doepfer/A100_Modular.html
Analog,Ms404,Doepfer MS404 Analog Synthesizer,https://www.sequencer.de/syns/doepfer/MS404.html
Analog,Darkenergy,Doepfer Dark Energy Analog Synthesizer,https://www.sequencer.de/syns/doepfer/DarkEnergy.html
Analog,Darkenergy2,Doepfer Dark Energy 2 Analog Synthesizer,https://www.sequencer.de/syns/doepfer/DarkEnergy2.html
Analog,Erebus,Dreadbox Erebus Analog Synthesizer,https://www.sequencer.de/syns/dreadbox/Erebus.html
Analog,Murmuxsemimodular,Dreadbox Murmux Semimodular Analog Synthesizer simple sequencer,https://www.sequencer.de/syns/dreadbox/MurmuxSemimodular.html
Analog,Spectrumsynthesizer,E and MM Spectrum Synthesizer Analog Synthesizer,https://www.sequencer.de/syns/eandmm/SpectrumSynthesizer.html
Analog,Wasp,EDP Wasp Hybrid Synthesizer,https://www.sequencer.de/syns/edp/Wasp.html
Analog,Gnat,EDP Gnat Hybrid Synthesizer,https://www.sequencer.de/syns/edp/Gnat.html
Modular,Modular,EEF Modular Modular Synthesizer analog step sequencer,https://www.sequencer.de/syns/eef/Modular.html
Analog,Ekosynth,Eko Ekosynth Analog Synthesizer,https://www.sequencer.de/syns/eko/Ekosynth.html
Analog,Minisynthesizer Microsynthesizer,"Electro Harmonix Minisynthesizer , Microsynthesizer Analog Synthesizer",https://www.sequencer.de/syns/electroharmonix/Minisynthesizer_Microsynthesizer.html
Analog,Kosmonaut,Elektrokosmos Kosmonaut Analog Synthesizer,https://www.sequencer.de/syns/elektrokosmos/Kosmonaut.html
Analog,Solist505,Elka Solist 505 Analog Synthesizer,https://www.sequencer.de/syns/elka/Solist505.html
Modular,Electrocomp101,EML Electro Comp 101 Analog Synthesizer,https://www.sequencer.de/syns/eml/ElectroComp101.html
Analog,Electrocomp500,EML Electro Comp 500 Analog Synthesizer,https://www.sequencer.de/syns/eml/ElectroComp500.html
Modular,Electrocomp200 Electrocomp300,"EML Electro Comp 200, Electro Comp 300 Modular Synthesizer",https://www.sequencer.de/syns/eml/ElectroComp200_ElectroComp300.html
Modular,Electrocomp400 Electrocomp401,"EML Electro Comp 400, Electro Comp 401 Modular Synthesizer analog step sequencer",https://www.sequencer.de/syns/eml/ElectroComp400_ElectroComp401.html
Modular,Vcs3,EMS VCS3 Modular Synthesizer,https://www.sequencer.de/syns/ems/VCS3.html
Modular,Synthia Aks,"EMS Synthi A, AKS Modular Synthesizer simple sequencer",https://www.sequencer.de/syns/ems/SynthiA_AKS.html
Modular,Synthie,EMS Synthi E Modular Synthesizer,https://www.sequencer.de/syns/ems/SynthiE.html
Modular,Synthi100,EMS Synthi 100 Modular Synthesizer step sequencer,https://www.sequencer.de/syns/ems/Synthi100.html
Modular,Synthip,EMS Synthi P Modular Synthesizer,https://www.sequencer.de/syns/ems/SynthiP.html
Analog,Domino,EOwave Domino Analog Synthesizer simple sequencer,https://www.sequencer.de/syns/eowave/Domino.html
Analog,Persephonemk2 Persephone2 Persephonemkii,"EOwave Persephone Mk 2, Persephone 2, Persephone Mk II Analog Synthesizer",https://www.sequencer.de/syns/eowave/PersephoneMk2_Persephone2_PersephoneMkII.html
Modular,Oragemagnetique,EOwave Orage Magnetique Modular Synthesizer simple sequencer,https://www.sequencer.de/syns/eowave/OrageMagnetique.html
Modular,Aviator,Exclusively Analogue Aviator Analog Synthesizer,https://www.sequencer.de/syns/exclusivelyanalogue/Aviator.html
Analog,Polivoks,Formanta Polivoks Analog Synthesizer,https://www.sequencer.de/syns/formanta/Polivoks.html
Analog,Ems01,Formanta EMS01 Analog Synthesizer,https://www.sequencer.de/syns/formanta/EMS01.html
Analog,777,Future Retro 777 Analog Synthesizer TR sequencer,https://www.sequencer.de/syns/futureretro/777.html
Analog,Revolution,Future Retro Revolution Analog Synthesizer TR sequencer,https://www.sequencer.de/syns/futureretro/Revolution.html
Modular,Xs,Future Retro XS Modular Synthesizer,https://www.sequencer.de/syns/futureretro/XS.html
Analog,A3,GRP A3 Analog Synthesizer,https://www.sequencer.de/syns/grp/A3.html
Analog,A8,GRP A8 Analog Synthesizer analog step sequencer,https://www.sequencer.de/syns/grp/A8.html
Analog,A6,GRP A6 Analog Synthesizer,https://www.sequencer.de/syns/grp/A6.html
Analog,A4,GRP A4 Analog Synthesizer analog step sequencer,https://www.sequencer.de/syns/grp/A4.html
Analog,Vco3,GRS VCO3 Analog Synthesizer,https://www.sequencer.de/syns/grs/VCO3.html
Analog,Blackmoon,Helmtronic Black Moon Analog Synthesizer,https://www.sequencer.de/syns/helmtronic/BlackMoon.html
Analog,Xenophone,Hypersynth Xenophone Analog Synthesizer step sequencer,https://www.sequencer.de/syns/hypersynth/Xenophone.html
Analog,Sx1000,Jen SX1000 Analog Synthesizer,https://www.sequencer.de/syns/jen/SX1000.html
Analog,Sx2000,Jen SX2000 Analog Synthesizer,https://www.sequencer.de/syns/jen/SX2000.html
Analog,Syntar Gs3000,"Jen Syntar , GS3000 Analog Synthesizer",https://www.sequencer.de/syns/jen/Syntar_GS3000.html
Analog,100F,Kawai 100F Analog Synthesizer,https://www.sequencer.de/syns/kawai/100F.html
Analog,Ritm2,Kirovski Ritm 2 Analog Synthesizer,https://www.sequencer.de/syns/kirovski/Ritm2.html
Analog,Minikorg 700S,"Korg Minikorg , 700s Analog Synthesizer",https://www.sequencer.de/syns/korg/Minikorg_700s.html
Analog,Maxikorg 800Dv,"Korg Maxikorg , 800DV Analog Synthesizer",https://www.sequencer.de/syns/korg/Maxikorg_800DV.html
Analog,770,Korg 770 Analog Synthesizer,https://www.sequencer.de/syns/korg/770.html
Analog,Ms20,Korg MS20 Analog Synthesizer,https://www.sequencer.de/syns/korg/MS20.html
Analog,Ms10,Korg MS10 Analog Synthesizer,https://www.sequencer.de/syns/korg/MS10.html
Modular,Ms50,Korg MS50 Modular Synthesizer,https://www.sequencer.de/syns/korg/MS50.html
Analog,Micropreset M500,"Korg Micropreset , M500 Analog Synthesizer",https://www.sequencer.de/syns/korg/Micropreset_M500.html
Analog,Monopoly,Korg Mono Poly Analog Synthesizer,https://www.sequencer.de/syns/korg/MonoPoly.html
Analog,Synthebass100,Korg Synthe Bass 100 Analog Synthesizer,https://www.sequencer.de/syns/korg/SyntheBass100.html
Analog,900Ps,Korg 900ps Analog Synthesizer,https://www.sequencer.de/syns/korg/900ps.html
Analog,Monotron,Korg Monotron Analog Synthesizer,https://www.sequencer.de/syns/korg/Monotron.html
Analog,Ms20Mini,Korg MS20Mini Analog Synthesizer,https://www.sequencer.de/syns/korg/MS20Mini.html
Analog,Ms20M,Korg MS20M Analog Synthesizer,https://www.sequencer.de/syns/korg/MS20M.html
Modular,Venturyii Ventury2,"Lassence ventury II, ventury 2 Modular Synthesizer",https://www.sequencer.de/syns/lassence/venturyII_ventury2.html
Analog,Skywave,Lord Skywave Analog Synthesizer,https://www.sequencer.de/syns/lord/Skywave.html
Analog,Alisa1387,Luberetski Alisa 1387 Analog Synthesizer,https://www.sequencer.de/syns/luberetski/Alisa1387.html
Analog,M3X,Macbeth M3X Analog Synthesizer,https://www.sequencer.de/syns/macbeth/M3X.html
Modular,M5 M5N,"Macbeth M5, M5N Modular Synthesizer",https://www.sequencer.de/syns/macbeth/M5_M5N.html
Analog,Xfactor,Macbeth XFactor Analog Synthesizer,https://www.sequencer.de/syns/macbeth/XFactor.html
Analog,Micromac,Macbeth Micromac Analog Synthesizer,https://www.sequencer.de/syns/macbeth/Micromac.html
Analog,Elements,Macbeth Elements Analog Synthesizer,https://www.sequencer.de/syns/macbeth/Elements.html
Analog,S1000 Wretchmachine,"Metasonix S1000, Wretch Machine Analog Synthesizer",https://www.sequencer.de/syns/metasonix/S1000_WretchMachine.html
Analog,Synth2 Synthii,"MFB Synth 2, Synth II Hybrid Synthesizer simple sequencer",https://www.sequencer.de/syns/mfb/Synth2_SynthII.html
Analog,Synthlite2 Synthliteii,"MFB Synth Lite 2, Synth Lite II Hybrid Synthesizer simple sequencer",https://www.sequencer.de/syns/mfb/SynthLite2_SynthLiteII.html
Analog,Synth1 Synthi,"MFB Synth 1, Synth I Hybrid Synthesizer simple sequencer",https://www.sequencer.de/syns/mfb/Synth1_SynthI.html
Analog,Synthlite Synthlitei,"MFB Synth Lite , Synth Lite I Hybrid Synthesizer",https://www.sequencer.de/syns/mfb/SynthLite_SynthLiteI.html
Modular,Kraftzwerg Synth3,"MFB Kraftzwerg , Synth 3 Analog Synthesizer",https://www.sequencer.de/syns/mfb/Kraftzwerg_Synth3.html
Analog,Nanozwerg,MFB Nanozwerg Hybrid Synthesizer,https://www.sequencer.de/syns/mfb/Nanozwerg.html
Modular,Megazwerg,MFB Megazwerg Modular Synthesizer modulation step sequencer,https://www.sequencer.de/syns/mfb/Megazwerg.html
Analog,Dominionx,MFB Dominion X Hybrid Synthesizer,https://www.sequencer.de/syns/mfb/DominionX.html
Analog,Dominion1,MFB Dominion 1 Hybrid Synthesizer step sequencer,https://www.sequencer.de/syns/mfb/Dominion1.html
Analog,Synthlab Sl1,"Mode Machines Synth Lab , SL1 Analog Synthesizer",https://www.sequencer.de/syns/modemachines/SynthLab_SL1.html
Analog,Minimoog,Moog Minimoog Analog Synthesizer,https://www.sequencer.de/syns/moog/Minimoog.html
Analog,Minimoogvoyager Rme,"Moog Minimoog Voyager , RME Analog Synthesizer",https://www.sequencer.de/syns/moog/MinimoogVoyager_RME.html
Analog,Prodigy,Moog Prodigy Analog Synthesizer,https://www.sequencer.de/syns/moog/Prodigy.html
Analog,Source,Moog Source Analog Synthesizer simple sequencer,https://www.sequencer.de/syns/moog/Source.html
Analog,Rogue,Moog Rogue Analog Synthesizer,https://www.sequencer.de/syns/moog/Rogue.html
Analog,Sonicvi Sonicsix Sonic6,"Moog Sonic VI, Sonic Six , Sonic 6 Analog Synthesizer",https://www.sequencer.de/syns/moog/SonicVI_SonicSix_Sonic6.html
Analog,Micromoog,Moog Micromoog Analog Synthesizer,https://www.sequencer.de/syns/moog/Micromoog.html
Analog,Multimoog,Moog Multimoog Analog Synthesizer,https://www.sequencer.de/syns/moog/Multimoog.html
Analog,Minitmoog,Moog Minitmoog Analog Synthesizer,https://www.sequencer.de/syns/moog/Minitmoog.html
Analog,Satellite,Moog Satellite Analog Synthesizer,https://www.sequencer.de/syns/moog/Satellite.html
Analog,Taurus2,Moog Taurus 2 Analog Synthesizer,https://www.sequencer.de/syns/moog/Taurus2.html
Analog,Taurus,Moog Taurus Analog Synthesizer,https://www.sequencer.de/syns/moog/Taurus.html
Analog,Cdx,Moog cdx Analog Synthesizer,https://www.sequencer.de/syns/moog/cdx.html
Modular,Modular,Moog Modular Modular Synthesizer analog step sequencer,https://www.sequencer.de/syns/moog/Modular.html
Analog,Littlephatty,Moog Little Phatty Analog Synthesizer,https://www.sequencer.de/syns/moog/LittlePhatty.html
Analog,Minimoogvoyageros Oldschool,"Moog Minimoog Voyager OS, Old School Analog Synthesizer",https://www.sequencer.de/syns/moog/MinimoogVoyagerOS_OldSchool.html
Analog,Slimphatty,Moog Slim Phatty Analog Synthesizer,https://www.sequencer.de/syns/moog/SlimPhatty.html
Analog,Taurus3 Taurusiii,"Moog Taurus 3, Taurus III Analog Synthesizer",https://www.sequencer.de/syns/moog/Taurus3_TaurusIII.html
Modular,Minimoogvoyagerxl,Moog Minimoog Voyager XL Analog Synthesizer,https://www.sequencer.de/syns/moog/MinimoogVoyagerXL.html
Analog,Minitaur,Moog Minitaur Analog Synthesizer,https://www.sequencer.de/syns/moog/Minitaur.html
Analog,Subphatty,Moog Sub Phatty Analog Synthesizer,https://www.sequencer.de/syns/moog/SubPhatty.html
Analog,Sub37,Moog Sub 37 Analog Synthesizer step sequencer,https://www.sequencer.de/syns/moog/Sub37.html
Analog,Werkstatt,Moog Werkstatt Analog Synthesizer,https://www.sequencer.de/syns/moog/Werkstatt.html
Analog,Mother32,Moog Mother 32 Analog Synthesizer step sequencer,https://www.sequencer.de/syns/moog/Mother32.html
Analog,Multivoxsq01 Firstmansq01,"Multivox Multivox SQ01, Firstman SQ01 Analog Synthesizer step sequencer",https://www.sequencer.de/syns/multivox/MultivoxSQ01_FirstmanSQ01.html
Analog,Aelita,Murom Aelita Analog Synthesizer,https://www.sequencer.de/syns/murom/Aelita.html
Analog,Sonicv Sonicfive Sonic5,"Musonics Sonic V, Sonic Five , Sonic 5 Analog Synthesizer",https://www.sequencer.de/syns/musonics/SonicV_SonicFive_Sonic5.html
Analog,Bassstation Bassstationrack,"Novation Bass Station , Bass Station Rack Analog Synthesizer",https://www.sequencer.de/syns/novation/BassStation_BassStationRack.html
Analog,Superbassstation,Novation Super Bass Station Analog Synthesizer,https://www.sequencer.de/syns/novation/SuperBassStation.html
Analog,Bassstation2,Novation Bass Station 2 Analog Synthesizer step sequencer,https://www.sequencer.de/syns/novation/BassStation2.html
Analog,Sem Synthesizerexpandermodule,"Oberheim SEM, Synthesizer Expander Module Analog Synthesizer",https://www.sequencer.de/syns/oberheim/SEM_SynthesizerExpanderModule.html
Analog,Ob1 Obi,"Oberheim OB1, OBI Analog Synthesizer",https://www.sequencer.de/syns/oberheim/OB1_OBI.html
Analog,Catsrm,Octave Cat SRM Analog Synthesizer,https://www.sequencer.de/syns/octave/CatSRM.html
Analog,Kitten,Octave Kitten Analog Synthesizer,https://www.sequencer.de/syns/octave/Kitten.html
Analog,Enigiser,Orgon Enigiser Analog Synthesizer,https://www.sequencer.de/syns/orgon/Enigiser.html
Analog,Transcendent2000,Powertran Transcendent 2000 Analog Synthesizer,https://www.sequencer.de/syns/powertran/Transcendent2000.html
Analog,1020 1002,"PPG 1020, 1002 Analog Synthesizer",https://www.sequencer.de/syns/ppg/1020_1002.html
Analog,1003 Soniccarrier,"PPG 1003, Sonic Carrier Analog Synthesizer",https://www.sequencer.de/syns/ppg/1003_SonicCarrier.html
Analog,Driftboxr,Reon Driftbox R Analog Synthesizer,https://www.sequencer.de/syns/reon/DriftboxR.html
Analog,Sh5,Roland SH5 Analog Synthesizer,https://www.sequencer.de/syns/roland/SH5.html
Analog,Sh2,Roland SH2 Analog Synthesizer,https://www.sequencer.de/syns/roland/SH2.html
Analog,Sh09,Roland SH09 Analog Synthesizer,https://www.sequencer.de/syns/roland/SH09.html
Analog,Sh1,Roland SH1 Analog Synthesizer,https://www.sequencer.de/syns/roland/SH1.html
Analog,Sh101,Roland SH101 Analog Synthesizer simple sequencer,https://www.sequencer.de/syns/roland/SH101.html
Analog,Sh7,Roland SH7 Analog Synthesizer,https://www.sequencer.de/syns/roland/SH7.html
Analog,Sh3A,Roland SH3a Analog Synthesizer,https://www.sequencer.de/syns/roland/SH3a.html
Analog,Sh2000,Roland SH2000 Analog Synthesizer,https://www.sequencer.de/syns/roland/SH2000.html
Analog,Sh1000,Roland SH1000 Analog Synthesizer,https://www.sequencer.de/syns/roland/SH1000.html
Modular,System700,Roland System 700 Modular Synthesizer analog step sequencer,https://www.sequencer.de/syns/roland/System700.html
Analog,Promars Mrs2,"Roland Promars , MRS2 Analog Synthesizer",https://www.sequencer.de/syns/roland/Promars_MRS2.html
Analog,Mc202,Roland MC202 Analog Synthesizer step sequencer,https://www.sequencer.de/syns/roland/MC202.html
Analog,Cmu810,Roland CMU810 Analog Synthesizer,https://www.sequencer.de/syns/roland/CMU810.html
Analog,Tb303,Roland TB303 Analog Synthesizer TR sequencer,https://www.sequencer.de/syns/roland/TB303.html
Modular,System500,Roland System 500 Modular Synthesizer,https://www.sequencer.de/syns/roland/System500.html
Analog,Kobol Kobolii Kobol2,"RSF Kobol , Kobol II, Kobol 2 Analog Synthesizer",https://www.sequencer.de/syns/rsf/Kobol_KobolII_Kobol2.html
Analog,Kobolkeyboard,RSF Kobol Keyboard Analog Synthesizer step sequencer,https://www.sequencer.de/syns/rsf/KobolKeyboard.html
Analog,Proone Pro1,"Sequential Circuits Pro One , Pro 1 Analog Synthesizer simple sequencer",https://www.sequencer.de/syns/sequentialcircuits/ProOne_Pro1.html
Modular,Modular,Serge Modular Modular Synthesizer analog step sequencer,https://www.sequencer.de/syns/serge/Modular.html
Analog,Mono,Siel Mono Analog Synthesizer,https://www.sequencer.de/syns/siel/Mono.html
Analog,Mars Planet7 P7,"SMS Mars , Planet 7, P7 Analog Synthesizer",https://www.sequencer.de/syns/sms/Mars_Planet7_P7.html
Analog,Neptune2,Spectral Audio Neptune 2 Analog Synthesizer,https://www.sequencer.de/syns/spectralaudio/Neptune2.html
Analog,Synthacon,Steiner Parker Synthacon Analog Synthesizer,https://www.sequencer.de/syns/steinerparker/Synthacon.html
Analog,Modular,Steiner Parker Modular Analog Synthesizer,https://www.sequencer.de/syns/steinerparker/Modular.html
Analog,Atc1 Atcx,"Studio Electronics ATC1, ATCX Analog Synthesizer",https://www.sequencer.de/syns/studioelectronics/ATC1_ATCX.html
Analog,Se1 Se1X,"Studio Electronics SE1, SE1X Analog Synthesizer",https://www.sequencer.de/syns/studioelectronics/SE1_SE1X.html
Analog,Atcxi,Studio Electronics ATCXi Analog Synthesizer,https://www.sequencer.de/syns/studioelectronics/ATCXi.html
Analog,Boomstar3003 Boomstar4075 Boomstar5089,"Studio Electronics Boomstar 3003, Boomstar 4075, Boomstar 5089 Analog Synthesizer",https://www.sequencer.de/syns/studioelectronics/Boomstar3003_Boomstar4075_Boomstar5089.html
Analog,Boomstarsem,Studio Electronics Boomstar SEM Analog Synthesizer,https://www.sequencer.de/syns/studioelectronics/BoomstarSEM.html
Analog,Syrinx,Synton Syrinx Analog Synthesizer,https://www.sequencer.de/syns/synton/Syrinx.html
Analog,Sy1010,Technics sy 1010 Analog Synthesizer,https://www.sequencer.de/syns/technics/sy1010.html
Modular,Selector Modular,"Technosaurus Selector , Modular Modular Synthesizer",https://www.sequencer.de/syns/technosaurus/Selector_Modular.html
Analog,Microcon Cyclodon Microcon2,"Technosaurus Microcon , Cyclodon , Microcon 2 Analog Synthesizer analog step sequencer",https://www.sequencer.de/syns/technosaurus/Microcon_Cyclodon_Microcon2.html
Analog,110F,Teisco 110F Analog Synthesizer,https://www.sequencer.de/syns/teisco/110F.html
Analog,Sx400,Teisco SX400 Analog Synthesizer,https://www.sequencer.de/syns/teisco/SX400.html
Analog,60F,Teisco 60F Analog Synthesizer,https://www.sequencer.de/syns/teisco/60F.html
Modular,Modular Tmss,"Theis Modular , TMSS Modular Synthesizer analog step sequencer",https://www.sequencer.de/syns/theis/Modular_TMSS.html
Modular,Sem Synthesizerexpandermodule Sempro,"Tom Oberheim SEM, Synthesizer Expander Module , Sem Pro Analog Synthesizer",https://www.sequencer.de/syns/tomoberheim/SEM_SynthesizerExpanderModule_SemPro.html
Analog,Mars,Vermona MARS Analog Synthesizer,https://www.sequencer.de/syns/vermona/MARS.html
Analog,Synthesizer,Vermona Synthesizer Analog Synthesizer,https://www.sequencer.de/syns/vermona/Synthesizer.html
Analog,Monolancet,Vermona Mono Lancet Analog Synthesizer,https://www.sequencer.de/syns/vermona/MonoLancet.html
Analog,14,Vermona 14 Analog Synthesizer step sequencer,https://www.sequencer.de/syns/vermona/14.html
Analog,Pulse,Waldorf Pulse Hybrid Synthesizer,https://www.sequencer.de/syns/waldorf/Pulse.html
Analog,Rocket,Waldorf Rocket Hybrid Synthesizer,https://www.sequencer.de/syns/waldorf/Rocket.html
Analog,Basssynthesizerap6,Wersi Bass Synthesizer AP6 Analog Synthesizer,https://www.sequencer.de/syns/wersi/BassSynthesizerAP6.html
Analog,Wersimatic Cx1 Cx2,"Wersi Wersimatic , CX1, CX2 Analog Synthesizer preset/accompainment sequencer",https://www.sequencer.de/syns/wersi/Wersimatic_CX1_CX2.html
Analog,Cs30,Yamaha CS30 Analog Synthesizer analog step sequencer,https://www.sequencer.de/syns/yamaha/CS30.html
Analog,Cs15,Yamaha CS15 Analog Synthesizer,https://www.sequencer.de/syns/yamaha/CS15.html
Analog,Cs10,Yamaha CS10 Analog Synthesizer,https://www.sequencer.de/syns/yamaha/CS10.html
Analog,Cs5,Yamaha CS5 Analog Synthesizer,https://www.sequencer.de/syns/yamaha/CS5.html
Analog,Cs01,Yamaha CS01 Analog Synthesizer,https://www.sequencer.de/syns/yamaha/CS01.html
Analog,Cs30L,Yamaha CS30L Analog Synthesizer,https://www.sequencer.de/syns/yamaha/CS30L.html
Analog,Sy1 Sy2,"Yamaha SY1, SY2 Analog Synthesizer",https://www.sequencer.de/syns/yamaha/SY1_SY2.html
Analog,Cs15D,Yamaha CS15D Analog Synthesizer,https://www.sequencer.de/syns/yamaha/CS15D.html
Analog,Cs40M,Yamaha CS40m Analog Synthesizer,https://www.sequencer.de/syns/yamaha/CS40m.html
Analog,Cs20M,Yamaha CS20m Analog Synthesizer,https://www.sequencer.de/syns/yamaha/CS20m.html
Analog,Challenger,Helmtronic Challenger Analog Synthesizer,https://www.sequencer.de/syns/helmtronic/Challenger.html
Analog,Monotribe,Korg Monotribe Analog Synthesizer TR sequencer,https://www.sequencer.de/syns/korg/Monotribe.html
Analog,Sigma,Korg Sigma Analog Synthesizer,https://www.sequencer.de/syns/korg/Sigma.html
Analog,Leploop,LEP Leploop Analog Synthesizer step sequencer,https://www.sequencer.de/syns/lep/Leploop.html
Analog,Concertmatemg1,Moog Concertmate MG1 Analog Synthesizer,https://www.sequencer.de/syns/moog/ConcertmateMG1.html
Analog,Realistic,Moog Realistic Analog Synthesizer,https://www.sequencer.de/syns/moog/Realistic.html
Analog,Twovoice Tvs1 2Voice,"Oberheim Two Voice , TVS1, 2Voice Analog Synthesizer analog step sequencer",https://www.sequencer.de/syns/oberheim/TwoVoice_TVS1_2Voice.html
Modular,System100,Roland System 100 Modular Synthesizer analog step sequencer,https://www.sequencer.de/syns/roland/System100.html
Analog,Cruise,Siel Cruise Analog Synthesizer,https://www.sequencer.de/syns/siel/Cruise.html
Analog,Pulserm75 Dualvoicesynthesizer,"Solton Pulser M75, Dual Voice Synthesizer Analog Synthesizer",https://www.sequencer.de/syns/solton/PulserM75_DualVoiceSynthesizer.html
Analog,Tvs Pro,"Tom Oberheim TVS, Pro Analog Synthesizer analog step sequencer",https://www.sequencer.de/syns/tomoberheim/TVS_Pro.html
Analog,Sidstation,Elektron SIDstation Analog Synthesizer,https://www.sequencer.de/syns/elektron/SIDstation.html
Analog,Trident,Korg Trident Analog Synthesizer,https://www.sequencer.de/syns/korg/Trident.html
Analog,Volcakeys,Korg Volca Keys Analog Synthesizer TR sequencer,https://www.sequencer.de/syns/korg/VolcaKeys.html
Analog,Opus3,Moog Opus 3 Analog Synthesizer,https://www.sequencer.de/syns/moog/Opus3.html
Analog,Timbrewolf,Akai Timbre Wolf Analog Synthesizer TR sequencer,https://www.sequencer.de/syns/akai/TimbreWolf.html
Modular,2500,ARP 2500 Modular Synthesizer analog step sequencer,https://www.sequencer.de/syns/arp/2500.html
Analog,Polyevolverkeyboard Pek,"Dave Smith Poly Evolver Keyboard , PEK Hybrid Synthesizer analog step sequencer",https://www.sequencer.de/syns/davesmith/PolyEvolverKeyboard_PEK.html
Analog,Polyevolverrack,Dave Smith Poly Evolver Rack Hybrid Synthesizer analog step sequencer,https://www.sequencer.de/syns/davesmith/PolyEvolverRack.html
Analog,Tetr4 Tetra,"Dave Smith Tetr 4, Tetra Analog Synthesizer analog step sequencer",https://www.sequencer.de/syns/davesmith/Tetr4_Tetra.html
Analog,Mopho4X,Dave Smith Mopho 4X Analog Synthesizer analog step sequencer,https://www.sequencer.de/syns/davesmith/Mopho4X.html
Analog,Minilogue,Korg Minilogue Analog Synthesizer modulation step sequencer,https://www.sequencer.de/syns/korg/Minilogue.html
Analog,Polylite,MFB Poly Lite Hybrid Synthesizer simple sequencer,https://www.sequencer.de/syns/mfb/PolyLite.html
Analog,Fourvoice 4Voice,"Oberheim Four Voice , 4Voice Analog Synthesizer analog step sequencer",https://www.sequencer.de/syns/oberheim/FourVoice_4Voice.html
Modular,Modular100 Modular300,"PPG Modular 100, Modular 300 Modular Synthesizer analog step sequencer",https://www.sequencer.de/syns/ppg/Modular100_Modular300.html
Modular,System100M,Roland System 100m Modular Synthesizer analog step sequencer,https://www.sequencer.de/syns/roland/System100m.html
Analog,Jupiter4,Roland Jupiter 4 Analog Synthesizer,https://www.sequencer.de/syns/roland/Jupiter4.html
Modular,Modularsystem,Synlab Modularsystem Modular Synthesizer advanced sequencer,https://www.sequencer.de/syns/synlab/Modularsystem.html
Analog,Perfourmer,Vermona Perfourmer Analog Synthesizer,https://www.sequencer.de/syns/vermona/Perfourmer.html
Analog,Perfourmermk2 Perfourmermkii,"Vermona Perfourmer Mk 2, Perfourmer Mk II Analog Synthesizer",https://www.sequencer.de/syns/vermona/PerfourmerMk2_PerfourmerMkII.html
Analog,Cs50,Yamaha CS50 Analog Synthesizer,https://www.sequencer.de/syns/yamaha/CS50.html
Modular,Modular,Club Of The Knobs Modular Modular Synthesizer analog step sequencer,https://www.sequencer.de/syns/cluboftheknobs/Modular.html
Analog,Pentaphonic,Gleeman Pentaphonic Analog Synthesizer simple sequencer,https://www.sequencer.de/syns/gleeman/Pentaphonic.html
Analog,Prophet5,Sequential Circuits Prophet 5 Analog Synthesizer,https://www.sequencer.de/syns/sequentialcircuits/Prophet5.html
Analog,Ax60,Akai AX60 Analog Synthesizer,https://www.sequencer.de/syns/akai/AX60.html
Analog,Vx600,Akai VX600 Analog Synthesizer,https://www.sequencer.de/syns/akai/VX600.html
Analog,Ax73 Vx90,"Akai AX73, VX90 Analog Synthesizer",https://www.sequencer.de/syns/akai/AX73_VX90.html
Analog,Ms6,Cheetah MS6 Analog Synthesizer,https://www.sequencer.de/syns/cheetah/MS6.html
Analog,Bit99 Bit01 Bitone,"Crumar Bit 99, bit 01, bit One Analog Synthesizer",https://www.sequencer.de/syns/crumar/Bit99_bit01_bitOne.html
Analog,Ob6,Dave Smith OB6 Analog Synthesizer analog step sequencer,https://www.sequencer.de/syns/davesmith/OB6.html
Analog,Banana,EEH Banana Analog Synthesizer,https://www.sequencer.de/syns/eeh/Banana.html
Analog,Ek22 Em22,"Elka EK22, EM22 Analog Synthesizer",https://www.sequencer.de/syns/elka/EK22_EM22.html
Analog,Kiwi,Kiwi Kiwi Analog Synthesizer,https://www.sequencer.de/syns/kiwi/Kiwi.html
Analog,Poly61,Korg Poly 61 Analog Synthesizer,https://www.sequencer.de/syns/korg/Poly61.html
Analog,Polysix Poly6,"Korg Polysix , Poly 6 Analog Synthesizer",https://www.sequencer.de/syns/korg/Polysix_Poly6.html
Analog,Memorymoog,Moog Memorymoog Analog Synthesizer,https://www.sequencer.de/syns/moog/Memorymoog.html
Analog,Xpander,Oberheim Xpander Analog Synthesizer,https://www.sequencer.de/syns/oberheim/Xpander.html
Analog,Matrix6,Oberheim Matrix 6 Analog Synthesizer,https://www.sequencer.de/syns/oberheim/Matrix6.html
Analog,Matrix1000,Oberheim Matrix 1000 Analog Synthesizer,https://www.sequencer.de/syns/oberheim/Matrix1000.html
Analog,Obsx,Oberheim OBSX Analog Synthesizer,https://www.sequencer.de/syns/oberheim/OBSX.html
Analog,Chromapolaris,Rhodes Chroma Polaris Analog Synthesizer simple sequencer,https://www.sequencer.de/syns/rhodes/ChromaPolaris.html
Analog,Jupiter6,Roland Jupiter 6 Analog Synthesizer,https://www.sequencer.de/syns/roland/Jupiter6.html
Analog,Jx8P,Roland JX8P Analog Synthesizer,https://www.sequencer.de/syns/roland/JX8P.html
Analog,Jx3P,Roland JX3P Analog Synthesizer simple sequencer,https://www.sequencer.de/syns/roland/JX3P.html
Analog,Juno60,Roland Juno 60 Analog Synthesizer,https://www.sequencer.de/syns/roland/Juno60.html
Analog,Juno6,Roland Juno 6 Analog Synthesizer,https://www.sequencer.de/syns/roland/Juno6.html
Analog,Juno106,Roland Juno 106 Analog Synthesizer,https://www.sequencer.de/syns/roland/Juno106.html
Analog,Hs60 Juno106S,"Roland HS60, Juno 106S Analog Synthesizer",https://www.sequencer.de/syns/roland/HS60_Juno106S.html
Analog,Alphajuno2 Alphajuno1,"Roland Alpha Juno 2, Alpha Juno 1 Analog Synthesizer",https://www.sequencer.de/syns/roland/AlphaJuno2_AlphaJuno1.html
Analog,Mks30,Roland MKS30 Analog Synthesizer,https://www.sequencer.de/syns/roland/MKS30.html
Analog,Mks50,Roland MKS50 Analog Synthesizer,https://www.sequencer.de/syns/roland/MKS50.html
Analog,Prophet600,Sequential Circuits Prophet 600 Analog Synthesizer simple sequencer,https://www.sequencer.de/syns/sequentialcircuits/Prophet600.html
Analog,Sixtrak,Sequential Circuits Sixtrak Analog Synthesizer real time sequencer,https://www.sequencer.de/syns/sequentialcircuits/Sixtrak.html
Analog,Multitrak,Sequential Circuits Multitrak Analog Synthesizer simple sequencer,https://www.sequencer.de/syns/sequentialcircuits/Multitrak.html
Analog,Max,Sequential Circuits Max Analog Synthesizer simple sequencer,https://www.sequencer.de/syns/sequentialcircuits/Max.html
Analog,Prophet6 P6,"Sequential Circuits Prophet 6, P6 Analog Synthesizer analog step sequencer",https://www.sequencer.de/syns/sequentialcircuits/Prophet6_P6.html
Analog,Opera6 Dk600,"Siel Opera 6, DK600 Analog Synthesizer",https://www.sequencer.de/syns/siel/Opera6_DK600.html
Analog,Sm100 Project100,"Solton SM100, Project 100 Analog Synthesizer simple sequencer",https://www.sequencer.de/syns/solton/SM100_Project100.html
Analog,Dbe Dbk,"Unique DBE, DBK Analog Synthesizer",https://www.sequencer.de/syns/unique/DBE_DBK.html
Analog,Tiracon6V,VEB Anlagenbau Cottbus Tiracon 6V Analog Synthesizer simple sequencer,https://www.sequencer.de/syns/vebanlagenbaucottbus/Tiracon6V.html
Analog,Cs50M,Yamaha CS50m Analog Synthesizer,https://www.sequencer.de/syns/yamaha/CS50m.html
Analog,Cs70M,Yamaha CS70m Analog Synthesizer simple sequencer,https://www.sequencer.de/syns/yamaha/CS70m.html
Analog,Ax80,Akai AX80 Analog Synthesizer,https://www.sequencer.de/syns/akai/AX80.html
Analog,Prophet08 P08,"Dave Smith Prophet 08, P08 Hybrid Synthesizer analog step sequencer",https://www.sequencer.de/syns/davesmith/Prophet08_P08.html
Analog,Synthex,Elka Synthex Analog Synthesizer simple sequencer,https://www.sequencer.de/syns/elka/Synthex.html
Analog,Sunsyn,JoMoX Sunsyn Hybrid Synthesizer,https://www.sequencer.de/syns/jomox/Sunsyn.html
Analog,Sx240,Kawai SX240 Analog Synthesizer,https://www.sequencer.de/syns/kawai/SX240.html
Analog,Sx210,Kawai SX210 Analog Synthesizer,https://www.sequencer.de/syns/kawai/SX210.html
Analog,Poly800 Poly800Ii Poly800Mk2,"Korg Poly 800, Poly 800II, Poly 800Mk 2 Analog Synthesizer simple sequencer",https://www.sequencer.de/syns/korg/Poly800_Poly800II_Poly800Mk2.html
Analog,Prosynth,Marion Pro Synth Analog Synthesizer,https://www.sequencer.de/syns/marion/ProSynth.html
Analog,008,Modal 008 Analog Synthesizer modulation step sequencer,https://www.sequencer.de/syns/modal/008.html
Analog,Eightvoice 8Voice,"Oberheim Eight Voice , 8Voice Analog Synthesizer analog step sequencer",https://www.sequencer.de/syns/oberheim/EightVoice_8Voice.html
Analog,Obx,Oberheim OBX Analog Synthesizer,https://www.sequencer.de/syns/oberheim/OBX.html
Analog,Obxa,Oberheim OBXa Analog Synthesizer,https://www.sequencer.de/syns/oberheim/OBXa.html
Analog,Ob8,Oberheim OB8 Analog Synthesizer,https://www.sequencer.de/syns/oberheim/OB8.html
Analog,Voyetraeight,Octave Voyetra Eight Analog Synthesizer,https://www.sequencer.de/syns/octave/VoyetraEight.html
Modular,Modular,Polyfusion Modular Modular Synthesizer analog step sequencer,https://www.sequencer.de/syns/polyfusion/Modular.html
Analog,Jupiter8,Roland Jupiter 8 Analog Synthesizer,https://www.sequencer.de/syns/roland/Jupiter8.html
Analog,Mks80,Roland MKS80 Analog Synthesizer,https://www.sequencer.de/syns/roland/MKS80.html
Analog,Mks7,Roland MKS7 Analog Synthesizer,https://www.sequencer.de/syns/roland/MKS7.html
Analog,Polykobol Polykobolii Polykobol2,"RSF Polykobol , Polykobol II, Polykobol 2 Analog Synthesizer simple sequencer",https://www.sequencer.de/syns/rsf/Polykobol_PolykobolII_Polykobol2.html
Analog,Schmidt,Schmidt Schmidt Analog Synthesizer,https://www.sequencer.de/syns/schmidt/Schmidt.html
Analog,T8,Sequential Circuits T8 Analog Synthesizer simple sequencer,https://www.sequencer.de/syns/sequentialcircuits/T8.html
Analog,Spliteight Split8,"Sequential Circuits Split Eight , Split 8 Analog Synthesizer",https://www.sequencer.de/syns/sequentialcircuits/SplitEight_Split8.html
Analog,Omega8,Studio Electronics Omega 8 Analog Synthesizer,https://www.sequencer.de/syns/studioelectronics/Omega8.html
Analog,Code,Studio Electronics Code Analog Synthesizer,https://www.sequencer.de/syns/studioelectronics/Code.html
Modular,Modular,Synthesizers.com Modular Modular Synthesizer analog step sequencer,https://www.sequencer.de/syns/synthesizers.com/Modular.html
Analog,Sx210,Teisco SX210 Analog Synthesizer,https://www.sequencer.de/syns/teisco/SX210.html
Analog,Sx240,Teisco SX240 Analog Synthesizer,https://www.sequencer.de/syns/teisco/SX240.html
Analog,Pulse2,Waldorf Pulse 2 Hybrid Synthesizer,https://www.sequencer.de/syns/waldorf/Pulse2.html
Analog,Cs80,Yamaha CS80 Analog Synthesizer,https://www.sequencer.de/syns/yamaha/CS80.html
Analog,Cs60,Yamaha CS60 Analog Synthesizer,https://www.sequencer.de/syns/yamaha/CS60.html
Modular,Modular,Emu Modular Modular Synthesizer modulation step sequencer,https://www.sequencer.de/syns/emu/Modular.html
Analog,Liberation,Moog Liberation Analog Synthesizer,https://www.sequencer.de/syns/moog/Liberation.html
Analog,Prophet10,Sequential Circuits Prophet 10 Analog Synthesizer simple sequencer,https://www.sequencer.de/syns/sequentialcircuits/Prophet10.html
Analog,Matrix12,Oberheim Matrix 12 Analog Synthesizer,https://www.sequencer.de/syns/oberheim/Matrix12.html
Analog,Obmx,Oberheim OBMx Analog Synthesizer,https://www.sequencer.de/syns/oberheim/OBMx.html
Analog,Jx10,Roland JX10 Analog Synthesizer simple sequencer,https://www.sequencer.de/syns/roland/JX10.html
Analog,Mks70,Roland MKS70 Analog Synthesizer,https://www.sequencer.de/syns/roland/MKS70.html
Analog,Dk80 Ex8500,"Siel DK80, EX8500 Analog Synthesizer simple sequencer",https://www.sequencer.de/syns/siel/DK80_EX8500.html
Analog,Cmu800,Roland CMU800 Analog Synthesizer,https://www.sequencer.de/syns/roland/CMU800.html
Analog,Andromedaa6,Alesis Andromeda A6 Analog Synthesizer step sequencer,https://www.sequencer.de/syns/alesis/AndromedaA6.html
Analog,Solinastringssynthesizer,ARP Solina Strings Synthesizer Analog Synthesizer,https://www.sequencer.de/syns/arp/SolinaStringsSynthesizer.html
Analog,Msr2,Marion MSR2 Analog Synthesizer,https://www.sequencer.de/syns/marion/MSR2.html
Analog,Chroma,Rhodes Chroma Analog Synthesizer,https://www.sequencer.de/syns/rhodes/Chroma.html
Sampler,Mellotron M400,"Mellotron Mellotron , M400 Sampler",https://www.sequencer.de/syns/mellotron/Mellotron_M400.html
Analog,Organ Strings Rs09,"Roland Organ , Strings , RS09 Analog Synthesizer",https://www.sequencer.de/syns/roland/Organ_Strings_RS09.html
Analog,Ps3100,Korg PS3100 Analog Synthesizer,https://www.sequencer.de/syns/korg/PS3100.html
Analog,Ps3200,Korg PS3200 Analog Synthesizer,https://www.sequencer.de/syns/korg/PS3200.html
Analog,Ps3300,Korg PS3300 Analog Synthesizer,https://www.sequencer.de/syns/korg/PS3300.html
Analog,Lambdaes50,Korg Lambda ES50 Analog Synthesizer,https://www.sequencer.de/syns/korg/LambdaES50.html
Analog,Omni Omni2,"ARP Omni , Omni 2 Analog Synthesizer",https://www.sequencer.de/syns/arp/Omni_Omni2.html
Analog,Performer,Crumar Performer Analog Synthesizer,https://www.sequencer.de/syns/crumar/Performer.html
Analog,Composer,Crumar Composer Analog Synthesizer,https://www.sequencer.de/syns/crumar/Composer.html
Analog,Polysynthi,EMS Polysynthi Analog Synthesizer,https://www.sequencer.de/syns/ems/Polysynthi.html
Analog,Stringmelody2,Hohner String Melody 2 Analog Synthesizer,https://www.sequencer.de/syns/hohner/StringMelody2.html
Analog,Delta,Korg Delta Analog Synthesizer,https://www.sequencer.de/syns/korg/Delta.html
Analog,Quadra,ARP Quadra Analog Synthesizer simple sequencer,https://www.sequencer.de/syns/arp/Quadra.html
Analog,Stringperformer,Hohner String Performer Analog Synthesizer,https://www.sequencer.de/syns/hohner/StringPerformer.html
Analog,Exagonepolyless,Cavagnolo Exagone Polyless Analog Synthesizer,https://www.sequencer.de/syns/cavagnolo/ExagonePolyless.html
Analog,Polymoog,Moog Polymoog Analog Synthesizer,https://www.sequencer.de/syns/moog/Polymoog.html
Analog,Polymoogkeyboard,Moog Polymoog Keyboard Analog Synthesizer,https://www.sequencer.de/syns/moog/PolymoogKeyboard.html
Analog,Trilogy,Crumar Trilogy Analog Synthesizer,https://www.sequencer.de/syns/crumar/Trilogy.html
Analog,Polychrome,Farfisa Polychrome Analog Synthesizer,https://www.sequencer.de/syns/farfisa/Polychrome.html
Analog,Mx3000,Multivox MX3000 Analog Synthesizer,https://www.sequencer.de/syns/multivox/MX3000.html
Analog,Orbit3,Wurlitzer Orbit 3 Analog Synthesizer,https://www.sequencer.de/syns/wurlitzer/Orbit3.html
Digital,Airsynth,Alesis Airsynth Digital Synthesizer,https://www.sequencer.de/syns/alesis/Airsynth.html
Digital,Vl1,Casio VL1 Digital Synthesizer step sequencer,https://www.sequencer.de/syns/casio/VL1.html
Digital,Prophecy,Korg Prophecy Digital Synthesizer,https://www.sequencer.de/syns/korg/Prophecy.html
Digital,Rozzboxoddulator,LL Rozzbox Oddulator Digital Synthesizer analog step sequencer,https://www.sequencer.de/syns/ll/RozzboxOddulator.html
Digital,Monowave,Modulus Monowave Hybrid Synthesizer,https://www.sequencer.de/syns/modulus/Monowave.html
Digital,Shruti Shrutixl,"Mutable Shruti , Shruti XL Hybrid Synthesizer simple sequencer",https://www.sequencer.de/syns/mutable/Shruti_ShrutiXL.html
Digital,Oscar,OSC OSCar Hybrid Synthesizer simple sequencer,https://www.sequencer.de/syns/osc/OSCar.html
Digital,Harmonicsynthesizer,RMI Harmonic Synthesizer Hybrid Synthesizer,https://www.sequencer.de/syns/rmi/HarmonicSynthesizer.html
Digital,Tb3,Roland TB3 Digital Synthesizer step sequencer,https://www.sequencer.de/syns/roland/TB3.html
Digital,Stageperformermk1Sii Stageperformers2Mk2,"Wersi Stage Performer Mk 1SII, Stage Performer S2Mk 2 Digital Synthesizer",https://www.sequencer.de/syns/wersi/StagePerformerMk1SII_StagePerformerS2Mk2.html
Digital,Vl7,Yamaha VL7 Digital Synthesizer,https://www.sequencer.de/syns/yamaha/VL7.html
Digital,Vl7M,Yamaha VL7m Digital Synthesizer,https://www.sequencer.de/syns/yamaha/VL7m.html
Digital,Vl70M,Yamaha VL70m Digital Synthesizer,https://www.sequencer.de/syns/yamaha/VL70m.html
Digital,001,Modal 001 Hybrid Synthesizer modulation step sequencer,https://www.sequencer.de/syns/modal/001.html
Digital,Pilambda2 Pilambdasquared,"Ploytec Pi Lambda 2, Pi Lambda Squared Hybrid Synthesizer",https://www.sequencer.de/syns/ploytec/PiLambda2_PiLambdaSquared.html
Digital,Vl1,Yamaha VL1 Digital Synthesizer,https://www.sequencer.de/syns/yamaha/VL1.html
Digital,Vl1M,Yamaha VL1m Digital Synthesizer,https://www.sequencer.de/syns/yamaha/VL1m.html
Modular,Avs04,Airbourne AVS04 Modular Synthesizer step sequencer,https://www.sequencer.de/syns/airbourne/AVS04.html
Sampler,Sk1,Casio SK1 Sampler,https://www.sequencer.de/syns/casio/SK1.html
Modular,Nordmicromodular Micromodular,"Clavia Nord Micromodular , Micro Modular Modular Synthesizer TR sequencer",https://www.sequencer.de/syns/clavia/NordMicromodular_MicroModular.html
Digital,Pro2,Dave Smith Pro 2 Hybrid Synthesizer modulation step sequencer,https://www.sequencer.de/syns/davesmith/Pro2.html
Digital,Demoon,Gotharman De Moon Digital Synthesizer step sequencer,https://www.sequencer.de/syns/gotharman/DeMoon.html
Digital,Ms2000 Ms2000B,"Korg MS2000, MS2000B Digital Synthesizer modulation step sequencer",https://www.sequencer.de/syns/korg/MS2000_MS2000B.html
Digital,Microkorg,Korg Microkorg Digital Synthesizer,https://www.sequencer.de/syns/korg/Microkorg.html
Digital,System1,Roland System 1 Digital Synthesizer,https://www.sequencer.de/syns/roland/System1.html
Digital,System1M,Roland System 1m Digital Synthesizer,https://www.sequencer.de/syns/roland/System1m.html
Digital,Boutique Ju06,"Roland Boutique , JU06 Digital Synthesizer step sequencer",https://www.sequencer.de/syns/roland/Boutique_JU06.html
Digital,Boutique Jp08,"Roland Boutique , JP08 Digital Synthesizer step sequencer",https://www.sequencer.de/syns/roland/Boutique_JP08.html
Digital,Boutique Jx03,"Roland Boutique , JX03 Digital Synthesizer simple sequencer",https://www.sequencer.de/syns/roland/Boutique_JX03.html
Digital,Rozzbox,LL Rozzbox Digital Synthesizer simple sequencer,https://www.sequencer.de/syns/ll/Rozzbox.html
Digital,Rozzboxonev2,LL Rozzbox One V2 Digital Synthesizer simple sequencer,https://www.sequencer.de/syns/ll/RozzboxOneV2.html
Sampler,S612,Akai S612 Sampler,https://www.sequencer.de/syns/akai/S612.html
Sampler,S700 X7000 X3700,"Akai S700, X7000, X3700 Sampler",https://www.sequencer.de/syns/akai/S700_X7000_X3700.html
Digital,K3 K3M,"Kawai K3, K3m Hybrid Synthesizer",https://www.sequencer.de/syns/kawai/K3_K3m.html
Digital,Dw6000,Korg DW6000 Hybrid Synthesizer,https://www.sequencer.de/syns/korg/DW6000.html
Digital,Vp9000,Roland VP9000 Digital Synthesizer,https://www.sequencer.de/syns/roland/VP9000.html
Sampler,S900 S950,"Akai S900, S950 Sampler",https://www.sequencer.de/syns/akai/S900_S950.html
Sampler,S01 S20,"Akai S01, S20 Sampler",https://www.sequencer.de/syns/akai/S01_S20.html
Digital,Miniak,Akai Miniak Digital Synthesizer step sequencer,https://www.sequencer.de/syns/akai/Miniak.html
Digital,Ion,Alesis Ion Digital Synthesizer,https://www.sequencer.de/syns/alesis/Ion.html
Digital,Micron,Alesis Micron Digital Synthesizer step sequencer,https://www.sequencer.de/syns/alesis/Micron.html
Digital,Cz101 Cz1000,"Casio CZ101, CZ1000 Digital Synthesizer",https://www.sequencer.de/syns/casio/CZ101_CZ1000.html
Sampler,Fz1 Fz10M Fz20M,"Casio FZ1, Fz 10m , Fz 20m Sampler",https://www.sequencer.de/syns/casio/FZ1_Fz10m_Fz20m.html
Sampler,Emulator1 Emulatori,"Emu Emulator 1, Emulator I Digital Synthesizer simple sequencer",https://www.sequencer.de/syns/emu/Emulator1_EmulatorI.html
Sampler,Emulator2 Emulatorii,"Emu Emulator 2, Emulator II Hybrid Synthesizer simple sequencer",https://www.sequencer.de/syns/emu/Emulator2_EmulatorII.html
Sampler,Emax,Emu Emax Hybrid Synthesizer workstation sequencer,https://www.sequencer.de/syns/emu/Emax.html
Digital,Esq1 Esqm,"Ensoniq ESQ1, ESQm Hybrid Synthesizer real time sequencer",https://www.sequencer.de/syns/ensoniq/ESQ1_ESQm.html
Digital,Sq80,Ensoniq SQ80 Hybrid Synthesizer real time sequencer,https://www.sequencer.de/syns/ensoniq/SQ80.html
Sampler,Miragedsk1 Dsk8,"Ensoniq Mirage DSK1, DSK8 Sampler simple sequencer",https://www.sequencer.de/syns/ensoniq/MirageDSK1_DSK8.html
Sampler,Hs1 Hs1E,"Hohner HS1, Hs 1e Sampler",https://www.sequencer.de/syns/hohner/HS1_Hs1e.html
Digital,Dw8000 Ex8000,"Korg DW8000, EX8000 Hybrid Synthesizer",https://www.sequencer.de/syns/korg/DW8000_EX8000.html
Digital,Ds8,Korg DS8 Digital Synthesizer,https://www.sequencer.de/syns/korg/DS8.html
Digital,707,Korg 707 Digital Synthesizer,https://www.sequencer.de/syns/korg/707.html
Sampler,Dss1 Dsm1,"Korg DSS1, DSM1 Sampler",https://www.sequencer.de/syns/korg/DSS1_DSM1.html
Digital,R3,Korg r 3 Digital Synthesizer modulation step sequencer,https://www.sequencer.de/syns/korg/r3.html
Digital,Microkorgxl,Korg Microkorg XL Digital Synthesizer modulation step sequencer,https://www.sequencer.de/syns/korg/MicrokorgXL.html
Digital,Microkorgxlplus,Korg Microkorg Xl Plus Digital Synthesizer modulation step sequencer,https://www.sequencer.de/syns/korg/MicrokorgXlPlus.html
Digital,Astation Kstation,"Novation a Station , k Station Digital Synthesizer",https://www.sequencer.de/syns/novation/aStation_kStation.html
Digital,Xstation,Novation x Station Digital Synthesizer,https://www.sequencer.de/syns/novation/xStation.html
Digital,Wavecomputer360,PPG Wavecomputer 360 Digital Synthesizer,https://www.sequencer.de/syns/ppg/Wavecomputer360.html
Digital,Wave2.0,PPG Wave 2.0 Hybrid Synthesizer advanced sequencer,https://www.sequencer.de/syns/ppg/Wave2.0.html
Digital,Wave2.2 Wave2.3,"PPG Wave 2.2, Wave 2.3 Hybrid Synthesizer advanced sequencer",https://www.sequencer.de/syns/ppg/Wave2.2_Wave2.3.html
Digital,340 380,"PPG 340, 380 Digital Synthesizer step sequencer",https://www.sequencer.de/syns/ppg/340_380.html
Digital,Polymorph,Quasimidi Polymorph Digital Synthesizer step sequencer,https://www.sequencer.de/syns/quasimidi/Polymorph.html
Digital,Accelerator,Radikal Accelerator Hybrid Synthesizer modulation step sequencer,https://www.sequencer.de/syns/radikal/Accelerator.html
Digital,Darkstar Xp2,"Red Sound Dark Star , XP2 Digital Synthesizer",https://www.sequencer.de/syns/redsound/DarkStar_XP2.html
Digital,Jp8000,Roland JP8000 Digital Synthesizer,https://www.sequencer.de/syns/roland/JP8000.html
Sampler,S10 S220 Mks100,"Roland S10, S220, MKS100 Sampler",https://www.sequencer.de/syns/roland/S10_S220_MKS100.html
Digital,Ds310 Ds202 Ds101,"Seiko DS310, DS202, DS101 Digital Synthesizer preset/accompainment sequencer",https://www.sequencer.de/syns/seiko/DS310_DS202_DS101.html
Digital,Prophetvs,Sequential Circuits Prophet VS Hybrid Synthesizer,https://www.sequencer.de/syns/sequentialcircuits/ProphetVS.html
Sampler,Prophet2000 Prophet2002,"Sequential Circuits Prophet 2000, Prophet 2002 Sampler simple sequencer",https://www.sequencer.de/syns/sequentialcircuits/Prophet2000_Prophet2002.html
Sampler,Prophet3000,Sequential Circuits Prophet 3000 Sampler,https://www.sequencer.de/syns/sequentialcircuits/Prophet3000.html
Digital,Microwave Microwave1 Mw1,"Waldorf Microwave , Microwave 1, MW1 Hybrid Synthesizer",https://www.sequencer.de/syns/waldorf/Microwave_Microwave1_MW1.html
Digital,Dx100,Yamaha DX100 Digital Synthesizer,https://www.sequencer.de/syns/yamaha/DX100.html
Digital,Dx27 Dx27L,"Yamaha DX27, DX27L Digital Synthesizer",https://www.sequencer.de/syns/yamaha/DX27_DX27L.html
Digital,Dx21,Yamaha DX21 Digital Synthesizer,https://www.sequencer.de/syns/yamaha/DX21.html
Digital,Dx11,Yamaha DX11 Digital Synthesizer,https://www.sequencer.de/syns/yamaha/DX11.html
Digital,Tx81Z,Yamaha TX81z Digital Synthesizer,https://www.sequencer.de/syns/yamaha/TX81z.html
Digital,Ys200 Tq5,"Yamaha YS200, TQ5 Digital Synthesizer simple sequencer",https://www.sequencer.de/syns/yamaha/YS200_TQ5.html
Digital,Fb01,Yamaha FB01 Digital Synthesizer,https://www.sequencer.de/syns/yamaha/FB01.html
Digital,Cx5M,Yamaha CX5M Digital Synthesizer arranger sequencer,https://www.sequencer.de/syns/yamaha/CX5M.html
Digital,Reface Dx,"Yamaha Reface , DX Digital Synthesizer simple sequencer",https://www.sequencer.de/syns/yamaha/Reface_DX.html
Digital,Reface Cs,"Yamaha Reface , CS Digital Synthesizer simple sequencer",https://www.sequencer.de/syns/yamaha/Reface_CS.html
Digital,Noah,Creamware Noah Digital Synthesizer step sequencer,https://www.sequencer.de/syns/creamware/Noah.html
Digital,Xiosynth25 Xiosynth49,"Novation Xiosynth 25, Xiosynth 49 Digital Synthesizer",https://www.sequencer.de/syns/novation/Xiosynth25_Xiosynth49.html
Digital,Jp8080,Roland JP8080 Digital Synthesizer,https://www.sequencer.de/syns/roland/JP8080.html
Digital,Sh201,Roland SH201 Digital Synthesizer simple sequencer,https://www.sequencer.de/syns/roland/SH201.html
Digital,Microwavepc,Waldorf Microwave PC Digital Synthesizer,https://www.sequencer.de/syns/waldorf/MicrowavePC.html
Digital,An1X,Yamaha AN1x Digital Synthesizer step sequencer,https://www.sequencer.de/syns/yamaha/AN1x.html
Digital,Virus Virusa,"Access Virus , Virus A Digital Synthesizer",https://www.sequencer.de/syns/access/Virus_VirusA.html
Digital,Nordlead,Clavia Nord Lead Digital Synthesizer,https://www.sequencer.de/syns/clavia/NordLead.html
Digital,Minimax Asb,"Creamware Minimax , ASB Digital Synthesizer",https://www.sequencer.de/syns/creamware/Minimax_ASB.html
Digital,Prodyssey Asb,"Creamware Prodyssey , ASB Digital Synthesizer",https://www.sequencer.de/syns/creamware/Prodyssey_ASB.html
Digital,Pro12 Asb,"Creamware Pro 12, ASB Digital Synthesizer",https://www.sequencer.de/syns/creamware/Pro12_ASB.html
Digital,Klangbox Minimax Asb,"Creamware Klangbox , Minimax , ASB Digital Synthesizer",https://www.sequencer.de/syns/creamware/Klangbox_Minimax_ASB.html
Digital,Klangbox Pro12 Asb,"Creamware Klangbox , Pro 12, ASB Digital Synthesizer",https://www.sequencer.de/syns/creamware/Klangbox_Pro12_ASB.html
Digital,Klangbox Prodyssey Asb,"Creamware Klangbox , Prodyssey , ASB Digital Synthesizer",https://www.sequencer.de/syns/creamware/Klangbox_Prodyssey_ASB.html
Digital,Prophet12,Dave Smith Prophet 12 Hybrid Synthesizer,https://www.sequencer.de/syns/davesmith/Prophet12.html
Digital,Z1,Korg Z1 Digital Synthesizer,https://www.sequencer.de/syns/korg/Z1.html
Digital,Venom,M Audio Venom Digital Synthesizer simple sequencer,https://www.sequencer.de/syns/maudio/Venom.html
Digital,002,Modal 002 Hybrid Synthesizer modulation step sequencer,https://www.sequencer.de/syns/modal/002.html
Digital,002R,Modal 002r Hybrid Synthesizer modulation step sequencer,https://www.sequencer.de/syns/modal/002r.html
Digital,Ob12,Oberheim OB12 Digital Synthesizer simple sequencer,https://www.sequencer.de/syns/oberheim/OB12.html
Digital,Plugiator,Use Audio Plugiator Digital Synthesizer,https://www.sequencer.de/syns/useaudio/Plugiator.html
Sampler,Microsampler,Korg Microsampler Sampler real time sequencer,https://www.sequencer.de/syns/korg/Microsampler.html
Digital,Virusrack,Access Virus Rack Digital Synthesizer,https://www.sequencer.de/syns/access/VirusRack.html
Sampler,S1000 S1100,"Akai S1000, S1100 Sampler",https://www.sequencer.de/syns/akai/S1000_S1100.html
Sampler,S1000Kb,Akai S1000KB Sampler,https://www.sequencer.de/syns/akai/S1000KB.html
Digital,Cz5000 Cz3000,"Casio CZ5000, CZ3000 Digital Synthesizer",https://www.sequencer.de/syns/casio/CZ5000_CZ3000.html
Digital,Cz1,Casio CZ1 Digital Synthesizer,https://www.sequencer.de/syns/casio/CZ1.html
Digital,Vz1 Vz10M Vz8M,"Casio VZ1, VZ10m , VZ8m Digital Synthesizer",https://www.sequencer.de/syns/casio/VZ1_VZ10m_VZ8m.html
Modular,Nordmodularg2 G2X G2Engine,"Clavia Nord Modular G2, g 2x , G2engine Modular Synthesizer TR sequencer",https://www.sequencer.de/syns/clavia/NordModularG2_g2x_G2engine.html
Modular,Nordmodular Nordmodularrack,"Clavia Nord Modular , Nord Modular Rack Modular Synthesizer TR sequencer",https://www.sequencer.de/syns/clavia/NordModular_NordModularRack.html
Sampler,Addone Ads,"Dynacord Add One , ADS Sampler",https://www.sequencer.de/syns/dynacord/AddOne_ADS.html
Sampler,Addtwo,Dynacord Add Two Sampler,https://www.sequencer.de/syns/dynacord/AddTwo.html
Sampler,Emulator3 Emulatoriii Eiii,"Emu Emulator 3, Emulator III, e III Hybrid Synthesizer workstation sequencer",https://www.sequencer.de/syns/emu/Emulator3_EmulatorIII_eIII.html
Sampler,Emax2 Emaxii,"Emu Emax 2, Emax II Digital Synthesizer workstation sequencer",https://www.sequencer.de/syns/emu/Emax2_EmaxII.html
Digital,Evs1,Evolution EVS1 Digital Synthesizer,https://www.sequencer.de/syns/evolution/EVS1.html
Digital,Fairlightcmiseries,Fairlight Fairlight CMIseries Hybrid Synthesizer midi sequencer,https://www.sequencer.de/syns/fairlight/FairlightCMIseries.html
Digital,Fairlightcmi30Ax,Fairlight Fairlight CMI30AX Hybrid Synthesizer midi sequencer,https://www.sequencer.de/syns/fairlight/FairlightCMI30AX.html
Digital,Hs2 Hs2E,"Hohner HS2, HS2e Digital Synthesizer",https://www.sequencer.de/syns/hohner/HS2_HS2e.html
Digital,Adam,Hohner ADAM Digital Synthesizer preset/accompainment sequencer,https://www.sequencer.de/syns/hohner/ADAM.html
Digital,K5 K5M,"Kawai K5, K5m Digital Synthesizer",https://www.sequencer.de/syns/kawai/K5_K5m.html
Digital,K4 K4R,"Kawai K4, K4r Digital Synthesizer",https://www.sequencer.de/syns/kawai/K4_K4r.html
Digital,K1 K1M K1R,"Kawai K1, K1m , K1r Digital Synthesizer",https://www.sequencer.de/syns/kawai/K1_K1m_K1r.html
Digital,K1Ii K1Iir,"Kawai K1II, K1IIr Digital Synthesizer",https://www.sequencer.de/syns/kawai/K1II_K1IIr.html
Digital,M1 M1R M3R,"Korg M1, M1R, M3R Digital Synthesizer workstation sequencer",https://www.sequencer.de/syns/korg/M1_M1R_M3R.html
Digital,T1 T2 T3,"Korg T1, T2, T3 Digital Synthesizer workstation sequencer",https://www.sequencer.de/syns/korg/T1_T2_T3.html
Digital,Nova Nova2,"Novation Nova , Nova 2 Digital Synthesizer",https://www.sequencer.de/syns/novation/Nova_Nova2.html
Digital,Ks4 Ks5 Ksr,"Novation KS4, KS5, KSR Digital Synthesizer",https://www.sequencer.de/syns/novation/KS4_KS5_KSR.html
Digital,Elevata,Red Sound Elevata Digital Synthesizer,https://www.sequencer.de/syns/redsound/Elevata.html
Digital,D50 D550,"Roland D50, D550 Digital Synthesizer",https://www.sequencer.de/syns/roland/D50_D550.html
Digital,W30,Roland W30 Digital Synthesizer workstation sequencer,https://www.sequencer.de/syns/roland/W30.html
Sampler,S50 S550,"Roland S50, S550 Sampler",https://www.sequencer.de/syns/roland/S50_S550.html
Sampler,S330,Roland S330 Sampler,https://www.sequencer.de/syns/roland/S330.html
Digital,Wave,Waldorf Wave Hybrid Synthesizer,https://www.sequencer.de/syns/waldorf/Wave.html
Digital,Dx7,Yamaha DX7 Digital Synthesizer,https://www.sequencer.de/syns/yamaha/DX7.html
Digital,Dx7Ii Dx7Iifd,"Yamaha DX7II, DX7IIFD Digital Synthesizer",https://www.sequencer.de/syns/yamaha/DX7II_DX7IIFD.html
Digital,Tx802,Yamaha TX802 Digital Synthesizer,https://www.sequencer.de/syns/yamaha/TX802.html
Digital,Tx7,Yamaha TX7 Digital Synthesizer,https://www.sequencer.de/syns/yamaha/TX7.html
Digital,Dx9,Yamaha DX9 Digital Synthesizer,https://www.sequencer.de/syns/yamaha/DX9.html
Digital,V50,Yamaha V50 Digital Synthesizer workstation sequencer,https://www.sequencer.de/syns/yamaha/V50.html
Digital,Sy22,Yamaha SY22 Digital Synthesizer,https://www.sequencer.de/syns/yamaha/SY22.html
Sampler,Tx16W,Yamaha TX16W Sampler,https://www.sequencer.de/syns/yamaha/TX16W.html
Digital,Rx5 Rx7,"Yamaha RX5, RX7 Digital Synthesizer real time sequencer",https://www.sequencer.de/syns/yamaha/RX5_RX7.html
Digital,Rx11 Rx15 Rx21,"Yamaha RX11, RX15, RX21 Digital Synthesizer real time sequencer",https://www.sequencer.de/syns/yamaha/RX11_RX15_RX21.html
Digital,Rx17 Rx120 Rx8,"Yamaha RX17, RX120, RX8 Digital Synthesizer real time sequencer",https://www.sequencer.de/syns/yamaha/RX17_RX120_RX8.html
Digital,Vp1,Yamaha VP1 Digital Synthesizer,https://www.sequencer.de/syns/yamaha/VP1.html
Digital,Dx7S,Yamaha DX7s Digital Synthesizer,https://www.sequencer.de/syns/yamaha/DX7s.html
Digital,Tg55,Yamaha TG55 Digital Synthesizer,https://www.sequencer.de/syns/yamaha/TG55.html
Digital,Sy55,Yamaha SY55 Digital Synthesizer,https://www.sequencer.de/syns/yamaha/SY55.html
Digital,Nordwave,Clavia Nord Wave Digital Synthesizer,https://www.sequencer.de/syns/clavia/NordWave.html
Digital,Ultranova,Novation Ultra Nova Digital Synthesizer,https://www.sequencer.de/syns/novation/UltraNova.html
Digital,Mininova,Novation Mininova Digital Synthesizer,https://www.sequencer.de/syns/novation/Mininova.html
Digital,Nordlead2X,Clavia Nord Lead 2x Digital Synthesizer,https://www.sequencer.de/syns/clavia/NordLead2x.html
Digital,Nordlead2Xanniversaryedition,Clavia Nord Lead 2x Anniversary Edition Digital Synthesizer,https://www.sequencer.de/syns/clavia/NordLead2xAnniversaryEdition.html
Digital,Nordrack2X,Clavia Nord Rack 2x Digital Synthesizer,https://www.sequencer.de/syns/clavia/NordRack2x.html
Digital,Nordlead4 Nordrack4 Nordlead4R,"Clavia Nord Lead 4, Nord Rack 4, Nord Lead 4R Digital Synthesizer",https://www.sequencer.de/syns/clavia/NordLead4_NordRack4_NordLead4R.html
Sampler,Eps,Ensoniq EPS Sampler advanced sequencer,https://www.sequencer.de/syns/ensoniq/EPS.html
Digital,Va1,Kurzweil VA1 Digital Synthesizer workstation sequencer,https://www.sequencer.de/syns/kurzweil/VA1.html
Digital,Sd1 Sd2,"Ensoniq SD1, SD2 Digital Synthesizer advanced sequencer",https://www.sequencer.de/syns/ensoniq/SD1_SD2.html
Digital,Vfx Vfxsd Vfxsd2,"Ensoniq VFX, VFXsd , VFXsd 2 Digital Synthesizer advanced sequencer",https://www.sequencer.de/syns/ensoniq/VFX_VFXsd_VFXsd2.html
Digital,Superraven Ravenmax Cyber6,"Quasimidi Super Raven , Raven Max , Cyber 6 Digital Synthesizer TR sequencer",https://www.sequencer.de/syns/quasimidi/SuperRaven_RavenMax_Cyber6.html
Digital,Virusb Indigo Virusclassic,"Access Virus B, Indigo , Virus Classic Digital Synthesizer",https://www.sequencer.de/syns/access/VirusB_Indigo_VirusClassic.html
Digital,Viruskb,Access Virus KB Digital Synthesizer,https://www.sequencer.de/syns/access/VirusKB.html
Digital,Nordlead3,Clavia Nord Lead 3 Digital Synthesizer,https://www.sequencer.de/syns/clavia/NordLead3.html
Digital,Nordleada1 A1R,"Clavia Nord Lead A1, A1R Digital Synthesizer",https://www.sequencer.de/syns/clavia/NordLeadA1_A1R.html
Digital,System1200 Asb,"Creamware System 1200, ASB Digital Synthesizer",https://www.sequencer.de/syns/creamware/System1200_ASB.html
Digital,Neuron,Hartmann Neuron Digital Synthesizer,https://www.sequencer.de/syns/hartmann/Neuron.html
Digital,Radias,Korg Radias Digital Synthesizer modulation step sequencer,https://www.sequencer.de/syns/korg/Radias.html
Digital,Kaossilator,Korg Kaossilator Digital Synthesizer real time sequencer,https://www.sequencer.de/syns/korg/Kaossilator.html
Digital,Kingkorg,Korg King Korg Digital Synthesizer,https://www.sequencer.de/syns/korg/KingKorg.html
Sampler,K2000,Kurzweil K2000 Sampler workstation sequencer,https://www.sequencer.de/syns/kurzweil/K2000.html
Digital,K1000Sxa K1000Hxa K1000Pxa K1000Pxb,"Kurzweil K1000SXA, K1000HXA, K1000PXA, K1000PXB Digital Synthesizer",https://www.sequencer.de/syns/kurzweil/K1000SXA_K1000HXA_K1000PXA_K1000PXB.html
Digital,Quasar,Quasimidi Quasar Digital Synthesizer step sequencer,https://www.sequencer.de/syns/quasimidi/Quasar.html
Digital,Vsynthxt,Roland VSynth XT Digital Synthesizer modulation step sequencer,https://www.sequencer.de/syns/roland/VSynthXT.html
Digital,Jd800,Roland JD800 Digital Synthesizer,https://www.sequencer.de/syns/roland/JD800.html
Digital,Jd990,Roland JD990 Digital Synthesizer,https://www.sequencer.de/syns/roland/JD990.html
Sampler,S750 S770 S760,"Roland S750, S770, S760 Sampler",https://www.sequencer.de/syns/roland/S750_S770_S760.html
Digital,Vp550,Roland VP550 Digital Synthesizer,https://www.sequencer.de/syns/roland/VP550.html
Digital,Jx1,Roland JX1 Digital Synthesizer,https://www.sequencer.de/syns/roland/JX1.html
Sampler,Sp700,Roland SP700 Sampler,https://www.sequencer.de/syns/roland/SP700.html
Digital,Chameleon,Soundart Chameleon Digital Synthesizer,https://www.sequencer.de/syns/soundart/Chameleon.html
Digital,Sirius,Quasimidi Sirius Digital Synthesizer step sequencer,https://www.sequencer.de/syns/quasimidi/Sirius.html
Digital,Jv80 Jv880,"Roland JV80, JV880 Digital Synthesizer",https://www.sequencer.de/syns/roland/JV80_JV880.html
Digital,Vsynthgt,Roland VSynth GT Digital Synthesizer modulation step sequencer,https://www.sequencer.de/syns/roland/VSynthGT.html
Digital,Qy10,Yamaha QY10 Digital Synthesizer workstation sequencer,https://www.sequencer.de/syns/yamaha/QY10.html
Digital,Qy20 Qy22,"Yamaha QY20, QY22 Digital Synthesizer workstation sequencer",https://www.sequencer.de/syns/yamaha/QY20_QY22.html
Digital,D70,Roland D70 Digital Synthesizer,https://www.sequencer.de/syns/roland/D70.html
Digital,U220 U20,"Roland U220, U20 Digital Synthesizer",https://www.sequencer.de/syns/roland/U220_U20.html
Digital,Microwave2 Mw2,"Waldorf Microwave 2, MW2 Digital Synthesizer",https://www.sequencer.de/syns/waldorf/Microwave2_MW2.html
Digital,Microwavextk Microwavext,"Waldorf Microwave XTk , Microwave XT Digital Synthesizer",https://www.sequencer.de/syns/waldorf/MicrowaveXTk_MicrowaveXT.html
Digital,Sy85,Yamaha SY85 Digital Synthesizer,https://www.sequencer.de/syns/yamaha/SY85.html
Sampler,Asr10 Eps16+,"Ensoniq ASR10, EPS16+ Sampler advanced sequencer",https://www.sequencer.de/syns/ensoniq/ASR10_EPS16+.html
Digital,U110,Roland U110 Digital Synthesizer,https://www.sequencer.de/syns/roland/U110.html
Digital,Virusc Indigo2 Kc Redback,"Access Virus C, Indigo 2, KC, Redback Digital Synthesizer",https://www.sequencer.de/syns/access/VirusC_Indigo2_KC_Redback.html
Digital,Virusrackxl,Access Virus Rack XL Digital Synthesizer,https://www.sequencer.de/syns/access/VirusRackXL.html
Sampler,S2800 S3000 S3200,"Akai S2800, S3000, S3200 Sampler",https://www.sequencer.de/syns/akai/S2800_S3000_S3200.html
Sampler,S2000,Akai S2000 Sampler,https://www.sequencer.de/syns/akai/S2000.html
Sampler,S3000Xl S3200Xl Cd3000Xl,"Akai S3000XL, S3200XL, CD3000XL Sampler",https://www.sequencer.de/syns/akai/S3000XL_S3200XL_CD3000XL.html
Modular,Origin,Arturia Origin Modular Synthesizer analog step sequencer,https://www.sequencer.de/syns/arturia/Origin.html
Digital,Gds Synergy,"Crumar GDS, Synergy Digital Synthesizer",https://www.sequencer.de/syns/crumar/GDS_Synergy.html
Digital,Morpheus,Emu Morpheus Digital Synthesizer,https://www.sequencer.de/syns/emu/Morpheus.html
Digital,Ultraproteus,Emu Ultra Proteus Digital Synthesizer,https://www.sequencer.de/syns/emu/UltraProteus.html
Sampler,Esi32,Emu ESI32 Digital Synthesizer,https://www.sequencer.de/syns/emu/ESI32.html
Digital,Proteusfx,Emu Proteus FX Digital Synthesizer,https://www.sequencer.de/syns/emu/ProteusFX.html
Digital,Ts10 Ts12,"Ensoniq TS10, TS12 Digital Synthesizer advanced sequencer",https://www.sequencer.de/syns/ensoniq/TS10_TS12.html
Digital,Zr76 Kt76 Kt88,"Ensoniq ZR76, KT76, KT88 Digital Synthesizer advanced sequencer",https://www.sequencer.de/syns/ensoniq/ZR76_KT76_KT88.html
Digital,Sq1 Sq2 Sqr,"Ensoniq SQ1, SQ2, SQR Digital Synthesizer advanced sequencer",https://www.sequencer.de/syns/ensoniq/SQ1_SQ2_SQR.html
Digital,S3,General Music S3 Digital Synthesizer workstation sequencer,https://www.sequencer.de/syns/generalmusic/S3.html
Digital,K5000 K5000S K5000W,"Kawai K5000, K5000s , K5000w Digital Synthesizer",https://www.sequencer.de/syns/kawai/K5000_K5000s_K5000w.html
Digital,Wavestationad Wavestationsr Wavestationex,"Korg Wavestation AD, Wavestation SR, Wavestation EX Digital Synthesizer",https://www.sequencer.de/syns/korg/WavestationAD_WavestationSR_WavestationEX.html
Digital,01W 03W 05W,"Korg 01W, 03W, 05W Digital Synthesizer workstation sequencer",https://www.sequencer.de/syns/korg/01W_03W_05W.html
Digital,Trinity Trrack,"Korg Trinity , TRrack Digital Synthesizer workstation sequencer",https://www.sequencer.de/syns/korg/Trinity_TRrack.html
Digital,X2 X3 X3R,"Korg X2, X3, X3R Digital Synthesizer workstation sequencer",https://www.sequencer.de/syns/korg/X2_X3_X3R.html
Digital,Supernova,Novation Supernova Digital Synthesizer,https://www.sequencer.de/syns/novation/Supernova.html
Digital,Sh32,Roland SH32 Digital Synthesizer,https://www.sequencer.de/syns/roland/SH32.html
Digital,D10 D110,"Roland D10, D110 Digital Synthesizer",https://www.sequencer.de/syns/roland/D10_D110.html
Digital,D20,Roland D20 Digital Synthesizer workstation sequencer,https://www.sequencer.de/syns/roland/D20.html
Digital,Mt32,Roland MT32 Digital Synthesizer,https://www.sequencer.de/syns/roland/MT32.html
Digital,Acxel,Technos Acxel Digital Synthesizer,https://www.sequencer.de/syns/technos/Acxel.html
Digital,Q,Waldorf Q Digital Synthesizer analog step sequencer,https://www.sequencer.de/syns/waldorf/Q.html
Digital,Dx5,Yamaha DX5 Digital Synthesizer,https://www.sequencer.de/syns/yamaha/DX5.html
Digital,Dx1,Yamaha DX1 Digital Synthesizer,https://www.sequencer.de/syns/yamaha/DX1.html
Digital,Tg77,Yamaha TG77 Digital Synthesizer,https://www.sequencer.de/syns/yamaha/TG77.html
Digital,Sy77,Yamaha SY77 Digital Synthesizer workstation sequencer,https://www.sequencer.de/syns/yamaha/SY77.html
Digital,Sy99,Yamaha SY99 Digital Synthesizer workstation sequencer,https://www.sequencer.de/syns/yamaha/SY99.html
Digital,Fs1R,Yamaha FS1R Digital Synthesizer,https://www.sequencer.de/syns/yamaha/FS1R.html
Digital,Cs1X,Yamaha CS1x Digital Synthesizer,https://www.sequencer.de/syns/yamaha/CS1x.html
Digital,Tg33,Yamaha TG33 Digital Synthesizer,https://www.sequencer.de/syns/yamaha/TG33.html
Digital,Sy35,Yamaha SY35 Digital Synthesizer,https://www.sequencer.de/syns/yamaha/SY35.html
Digital,Qs300 W5 W7,"Yamaha QS300, W5, W7 Digital Synthesizer workstation sequencer",https://www.sequencer.de/syns/yamaha/QS300_W5_W7.html
Digital,Mm6,Yamaha MM6 Digital Synthesizer workstation sequencer,https://www.sequencer.de/syns/yamaha/MM6.html
Digital,Qy700 Qy70 Qy300,"Yamaha QY700, QY70, QY300 Digital Synthesizer workstation sequencer",https://www.sequencer.de/syns/yamaha/QY700_QY70_QY300.html
Digital,Fvx1,Yamaha FVX1 Digital Synthesizer,https://www.sequencer.de/syns/yamaha/FVX1.html
Sampler,Memotron,Manikin Memotron Sampler,https://www.sequencer.de/syns/manikin/Memotron.html
Sampler,Mellotron M4000D,"Mellotron Mellotron , M4000D Sampler",https://www.sequencer.de/syns/mellotron/Mellotron_M4000D.html
Digital,Supernova2 Supernovaii,"Novation Supernova 2, Supernova II Digital Synthesizer",https://www.sequencer.de/syns/novation/Supernova2_SupernovaII.html
Digital,Fizmo,Ensoniq Fizmo Digital Synthesizer,https://www.sequencer.de/syns/ensoniq/Fizmo.html
Sampler,K2500 K2600,"Kurzweil K2500, K2600 Sampler workstation sequencer",https://www.sequencer.de/syns/kurzweil/K2500_K2600.html
Sampler,K2661,Kurzweil K2661 Sampler workstation sequencer,https://www.sequencer.de/syns/kurzweil/K2661.html
Digital,Virustisnow,Access Virus Ti Snow Digital Synthesizer,https://www.sequencer.de/syns/access/VirusTiSnow.html
Digital,Sledge,Studiologic Sledge Digital Synthesizer,https://www.sequencer.de/syns/studiologic/Sledge.html
Digital,Blofeld,Waldorf Blofeld Digital Synthesizer,https://www.sequencer.de/syns/waldorf/Blofeld.html
Digital,Jv90,Roland JV90 Digital Synthesizer,https://www.sequencer.de/syns/roland/JV90.html
Digital,Nordstage Nordstageex,"Clavia Nord Stage , Nord Stage Ex Digital Synthesizer",https://www.sequencer.de/syns/clavia/NordStage_NordStageEx.html
Digital,Nordstage2,Clavia Nord Stage 2 Digital Synthesizer,https://www.sequencer.de/syns/clavia/NordStage2.html
Digital,Triton Tritonle,"Korg Triton , Triton LE Digital Synthesizer workstation sequencer",https://www.sequencer.de/syns/korg/Triton_TritonLE.html
Digital,Karma,Korg Karma Digital Synthesizer algorithmic arranger sequencer,https://www.sequencer.de/syns/korg/Karma.html
Digital,X50 Microx,"Korg X50, micro X Digital Synthesizer",https://www.sequencer.de/syns/korg/X50_microX.html
Digital,Tr61 Tr76 Tr88,"Korg TR61, TR76, TR88 Digital Synthesizer workstation sequencer",https://www.sequencer.de/syns/korg/TR61_TR76_TR88.html
Sampler,Z4 Z8,"Akai Z4, Z8 Sampler",https://www.sequencer.de/syns/akai/Z4_Z8.html
Sampler,S5000 S6000,"Akai S5000, S6000 Sampler",https://www.sequencer.de/syns/akai/S5000_S6000.html
Digital,Qs6 Qs7 Qs8 Qsr,"Alesis QS6, QS7, QS8, QSr Digital Synthesizer",https://www.sequencer.de/syns/alesis/QS6_QS7_QS8_QSr.html
Digital,Quadrasynth Qs Qsplus,"Alesis Quadrasynth , QS, Qs Plus Digital Synthesizer",https://www.sequencer.de/syns/alesis/Quadrasynth_QS_QsPlus.html
Digital,Xwp1,Casio XWP1 Digital Synthesizer TR sequencer,https://www.sequencer.de/syns/casio/XWP1.html
Digital,Xwg1,Casio XWG1 Digital Synthesizer TR sequencer,https://www.sequencer.de/syns/casio/XWG1.html
Digital,Planetphatt,Emu Planet Phatt Digital Synthesizer,https://www.sequencer.de/syns/emu/PlanetPhatt.html
Digital,Orbit,Emu Orbit Digital Synthesizer,https://www.sequencer.de/syns/emu/Orbit.html
Sampler,E6400 E64 E5000,"Emu e 6400, e 64, e 5000 Digital Synthesizer simple sequencer",https://www.sequencer.de/syns/emu/e6400_e64_e5000.html
Sampler,Esi4000 Esi2000,"Emu ESI4000, ESI2000 Digital Synthesizer simple sequencer",https://www.sequencer.de/syns/emu/ESI4000_ESI2000.html
Digital,Planetearth Carnaval,"Emu Planet Earth , Carnaval Digital Synthesizer",https://www.sequencer.de/syns/emu/PlanetEarth_Carnaval.html
Digital,Proteus2000,Emu Proteus 2000 Digital Synthesizer,https://www.sequencer.de/syns/emu/Proteus2000.html
Digital,B3,Emu B3 Digital Synthesizer,https://www.sequencer.de/syns/emu/B3.html
Digital,Mophatt,Emu Mo Phatt Digital Synthesizer,https://www.sequencer.de/syns/emu/MoPhatt.html
Digital,N1 N5 N264 N364,"Korg N1, N5, N264, N364 Digital Synthesizer workstation sequencer",https://www.sequencer.de/syns/korg/N1_N5_N264_N364.html
Digital,X5 X5D X5Dr,"Korg X5, X5D, X5DR Digital Synthesizer workstation sequencer",https://www.sequencer.de/syns/korg/X5_X5D_X5DR.html
Digital,Jv1080,Roland JV1080 Digital Synthesizer,https://www.sequencer.de/syns/roland/JV1080.html
Digital,Jv2080,Roland JV2080 Digital Synthesizer,https://www.sequencer.de/syns/roland/JV2080.html
Digital,Xp50 Xp30,"Roland XP50, XP30 Digital Synthesizer workstation sequencer",https://www.sequencer.de/syns/roland/XP50_XP30.html
Digital,Xp60,Roland XP60 Digital Synthesizer workstation sequencer,https://www.sequencer.de/syns/roland/XP60.html
Digital,Xp80,Roland XP80 Digital Synthesizer workstation sequencer,https://www.sequencer.de/syns/roland/XP80.html
Digital,Xv5050,Roland XV5050 Digital Synthesizer,https://www.sequencer.de/syns/roland/XV5050.html
Digital,Jv1010 Xv2020,"Roland JV1010, XV2020 Digital Synthesizer",https://www.sequencer.de/syns/roland/JV1010_XV2020.html
Digital,Junod,Roland Juno D Digital Synthesizer,https://www.sequencer.de/syns/roland/JunoD.html
Digital,Gaia Sh01,"Roland Gaia , SH01 Digital Synthesizer simple sequencer",https://www.sequencer.de/syns/roland/Gaia_SH01.html
Digital,Wsa1,Technics WSA1 Digital Synthesizer,https://www.sequencer.de/syns/technics/WSA1.html
Digital,Cs2X,Yamaha CS2x Digital Synthesizer,https://www.sequencer.de/syns/yamaha/CS2x.html
Digital,Cs6X,Yamaha CS6x Digital Synthesizer,https://www.sequencer.de/syns/yamaha/CS6x.html
Digital,Cs6R,Yamaha CS6R Digital Synthesizer,https://www.sequencer.de/syns/yamaha/CS6R.html
Digital,Ex7,Yamaha EX7 Digital Synthesizer workstation sequencer,https://www.sequencer.de/syns/yamaha/EX7.html
Sampler,A3000 A4000,"Yamaha A3000, A4000 Sampler simple sequencer",https://www.sequencer.de/syns/yamaha/A3000_A4000.html
Digital,S30 S80 S90,"Yamaha S30, S80, S90 Digital Synthesizer",https://www.sequencer.de/syns/yamaha/S30_S80_S90.html
Digital,Mo6 Mo7 Mo8,"Yamaha MO6, MO7, MO8 Digital Synthesizer workstation sequencer",https://www.sequencer.de/syns/yamaha/MO6_MO7_MO8.html
Digital,Mox6 Mox8,"Yamaha MOX6, MOX8 Digital Synthesizer workstation sequencer",https://www.sequencer.de/syns/yamaha/MOX6_MOX8.html
Sampler,Mu100R Mu90R,"Yamaha MU100R, MU90R Sampler",https://www.sequencer.de/syns/yamaha/MU100R_MU90R.html
Digital,Jdxa,Roland Jd Xa Hybrid Synthesizer TR sequencer,https://www.sequencer.de/syns/roland/JdXa.html
Digital,Microq,Waldorf micro Q Digital Synthesizer,https://www.sequencer.de/syns/waldorf/microQ.html
Digital,Microqkb Microqkeyboard,"Waldorf micro Qkb , Micro QKeyboard Digital Synthesizer",https://www.sequencer.de/syns/waldorf/microQkb_MicroQKeyboard.html
Digital,Virusti Polar,"Access Virus TI, Polar Digital Synthesizer",https://www.sequencer.de/syns/access/VirusTI_Polar.html
Digital,Virusti2 Polar2Darkstar,"Access Virus TI2, Polar 2Dark Star Digital Synthesizer",https://www.sequencer.de/syns/access/VirusTI2_Polar2DarkStar.html
Digital,M50,Korg M50 Digital Synthesizer algorithmic arranger sequencer,https://www.sequencer.de/syns/korg/M50.html
Digital,Virusti2 Polar2,"Access Virus TI2, Polar 2 Digital Synthesizer",https://www.sequencer.de/syns/access/VirusTI2_Polar2.html
Digital,Solaris,John Bowen Solaris Digital Synthesizer step sequencer,https://www.sequencer.de/syns/johnbowen/Solaris.html
Modular,Kyma Capybara,"Symbolic Sound Kyma , Capybara Modular Synthesizer advanced sequencer",https://www.sequencer.de/syns/symbolicsound/Kyma_Capybara.html
Digital,Q+ Qplus,"Waldorf Q+, Qplus Hybrid Synthesizer analog step sequencer",https://www.sequencer.de/syns/waldorf/Q+_Qplus.html
Digital,M3,Korg m 3 Digital Synthesizer algorithmic arranger sequencer,https://www.sequencer.de/syns/korg/m3.html
Digital,Ps60,Korg PS60 Digital Synthesizer,https://www.sequencer.de/syns/korg/PS60.html
Digital,Microstation,Korg Microstation Digital Synthesizer workstation sequencer,https://www.sequencer.de/syns/korg/Microstation.html
Sampler,A5000,Yamaha A5000 Sampler simple sequencer,https://www.sequencer.de/syns/yamaha/A5000.html
Digital,Streichfett,Waldorf Streichfett Digital Synthesizer,https://www.sequencer.de/syns/waldorf/Streichfett.html
Digital,Proteus2500,Emu Proteus 2500 Digital Synthesizer TR sequencer,https://www.sequencer.de/syns/emu/Proteus2500.html
Digital,Xtremelead1 Xl1,"Emu Xtreme Lead 1, XL1 Digital Synthesizer",https://www.sequencer.de/syns/emu/XtremeLead1_XL1.html
Sampler,Emulatoriv Emulator4 Emulatorfour,"Emu Emulator IV, Emulator 4, Emulator Four Digital Synthesizer simple sequencer",https://www.sequencer.de/syns/emu/EmulatorIV_Emulator4_EmulatorFour.html
Sampler,Esynth,Emu Esynth Digital Synthesizer simple sequencer,https://www.sequencer.de/syns/emu/Esynth.html
Digital,Commandstation Xl7 Mp7 Px7,"Emu Command Station , XL7, MP7, PX7 Digital Synthesizer TR sequencer",https://www.sequencer.de/syns/emu/CommandStation_XL7_MP7_PX7.html
Digital,Audity2000,Emu Audity 2000 Digital Synthesizer,https://www.sequencer.de/syns/emu/Audity2000.html
Digital,Orbit3 Orbit2 9090,"Emu Orbit 3, Orbit 2, 9090 Digital Synthesizer",https://www.sequencer.de/syns/emu/Orbit3_Orbit2_9090.html
Digital,Orbit3,Emu Orbit 3 Digital Synthesizer,https://www.sequencer.de/syns/emu/Orbit3.html
Sampler,E4K Eivk E4Keyboard,"Emu E4K, EIVk , E4Keyboard Digital Synthesizer simple sequencer",https://www.sequencer.de/syns/emu/E4K_EIVk_E4Keyboard.html
Sampler,Emulator4Xtultra E4Xtultra,"Emu Emulator 4Xt Ultra , E4Xt Ultra Digital Synthesizer simple sequencer",https://www.sequencer.de/syns/emu/Emulator4XtUltra_E4XtUltra.html
Digital,Pc3X,Kurzweil PC3X Digital Synthesizer workstation sequencer,https://www.sequencer.de/syns/kurzweil/PC3X.html
Digital,Synclavier,NED Synclavier Digital Synthesizer advanced sequencer,https://www.sequencer.de/syns/ned/Synclavier.html
Digital,Xv3080,Roland XV3080 Digital Synthesizer,https://www.sequencer.de/syns/roland/XV3080.html
Digital,Xv5080 Fantom Xv88,"Roland XV5080, Fantom , XV88 Digital Synthesizer workstation sequencer",https://www.sequencer.de/syns/roland/XV5080_Fantom_XV88.html
Digital,Fantoms Fantomx Fantomxa,"Roland Fantom S, Fantom X, Fantom Xa Digital Synthesizer advanced sequencer",https://www.sequencer.de/syns/roland/FantomS_FantomX_FantomXa.html
Digital,Junog,Roland Juno G Digital Synthesizer workstation sequencer,https://www.sequencer.de/syns/roland/JunoG.html
Digital,Fantomg6 Fantomg7 Fantomg8,"Roland Fantom G6, Fantom G7, Fantom G8 Digital Synthesizer advanced sequencer",https://www.sequencer.de/syns/roland/FantomG6_FantomG7_FantomG8.html
Digital,Axsynth,Roland AXSynth Digital Synthesizer real time sequencer,https://www.sequencer.de/syns/roland/AXSynth.html
Digital,Vp770,Roland VP770 Digital Synthesizer,https://www.sequencer.de/syns/roland/VP770.html
Digital,Junodi Junostage,"Roland Juno Di , Juno Stage Digital Synthesizer",https://www.sequencer.de/syns/roland/JunoDi_JunoStage.html
Digital,Junogi,Roland Juno Gi Digital Synthesizer simple sequencer,https://www.sequencer.de/syns/roland/JunoGi.html
Digital,Tx816 Tx416 Tx216,"Yamaha TX816, TX416, TX216 Digital Synthesizer",https://www.sequencer.de/syns/yamaha/TX816_TX416_TX216.html
Digital,Ex5,Yamaha EX5 Digital Synthesizer workstation sequencer,https://www.sequencer.de/syns/yamaha/EX5.html
Digital,Motif Motifes,"Yamaha Motif , Motif ES Digital Synthesizer workstation sequencer",https://www.sequencer.de/syns/yamaha/Motif_MotifES.html
Digital,Motifxs Xs6 Xs7 Xs8,"Yamaha Motif XS, XS6, XS7, XS8 Digital Synthesizer workstation sequencer",https://www.sequencer.de/syns/yamaha/MotifXS_XS6_XS7_XS8.html
Digital,Motifxf6 Motifxf7 Motifxf8,"Yamaha Motif XF6, Motif XF7, Motif XF8 Digital Synthesizer workstation sequencer",https://www.sequencer.de/syns/yamaha/MotifXF6_MotifXF7_MotifXF8.html
Digital,Jdxi,Roland Jd Xi Hybrid Synthesizer TR sequencer,https://www.sequencer.de/syns/roland/JdXi.html
Digital,Oasys,Korg Oasys Digital Synthesizer algorithmic arranger sequencer,https://www.sequencer.de/syns/korg/Oasys.html
Digital,Fusion,Alesis Fusion Digital Synthesizer midi sequencer,https://www.sequencer.de/syns/alesis/Fusion.html
Digital,Kronos,Korg Kronos Digital Synthesizer algorithmic arranger sequencer,https://www.sequencer.de/syns/korg/Kronos.html
Sampler,Krome,Korg Krome Sampler algorithmic arranger sequencer,https://www.sequencer.de/syns/korg/Krome.html
Digital,Jupiter80,Roland Jupiter 80 Digital Synthesizer simple sequencer,https://www.sequencer.de/syns/roland/Jupiter80.html
Softsynth,Moogv,Arturia Moog V Modular Software Synthesizer analog step sequencer,https://www.sequencer.de/syns/arturia/MoogV.html
Softsynth,2600V,Arturia 2600V Modular Software Synthesizer modulation step sequencer,https://www.sequencer.de/syns/arturia/2600V.html
Drum Machine,Schlagzwerg,MFB Schlagzwerg Drummachine/Module TR sequencer,https://www.sequencer.de/syns/mfb/Schlagzwerg.html
Softsynth,Absynth,Native Instruments Absynth software modulation step sequencer,https://www.sequencer.de/syns/nativeinstruments/Absynth.html
Softsynth,Reaktor,Native Instruments Reaktor Modular Software Synthesizer modulation step sequencer,https://www.sequencer.de/syns/nativeinstruments/Reaktor.html
Softsynth,Live,Ableton Live software sequencer elastic audio sequencer,https://www.sequencer.de/syns/ableton/Live.html
Softsynth,Prophetv,Arturia Prophet V software,https://www.sequencer.de/syns/arturia/ProphetV.html
Softsynth,Minimoogv,Arturia Minimoog V software,https://www.sequencer.de/syns/arturia/MinimoogV.html
Softsynth,Cs80V,Arturia CS80V software,https://www.sequencer.de/syns/arturia/CS80V.html
Softsynth,Jupiter8V,Arturia Jupiter 8V software analog step sequencer,https://www.sequencer.de/syns/arturia/Jupiter8V.html
Softsynth,Phatmaticpro,Bitshift Phatmatic Pro software audio sequencer,https://www.sequencer.de/syns/bitshift/PhatmaticPro.html
Softsynth,Melodyne,Celemony Melodyne software sequencer elastic audio sequencer,https://www.sequencer.de/syns/celemony/Melodyne.html
Softsynth,Vertigo,DiscoDSP Vertigo software,https://www.sequencer.de/syns/discodsp/Vertigo.html
Softsynth,Discovery,DiscoDSP Discovery software,https://www.sequencer.de/syns/discodsp/Discovery.html
Softsynth,Phantom,DiscoDSP Phantom software,https://www.sequencer.de/syns/discodsp/Phantom.html
Softsynth,Numerology,Five12 Numerology software sequencer modulation step sequencer,https://www.sequencer.de/syns/five12/Numerology.html
Softsynth,Dcam Synthsquad Cypher Amber Strobe,"fxpansion DCAM, Synthsquad , Cypher , Amber , Strobe software",https://www.sequencer.de/syns/fxpansion/DCAM_Synthsquad_Cypher_Amber_Strobe.html
Softsynth,Ds10,Korg DS10 software step sequencer,https://www.sequencer.de/syns/korg/DS10.html
Softsynth,Aalto,Madrona Aalto software modulation step sequencer,https://www.sequencer.de/syns/madrona/Aalto.html
Softsynth,Fm7 Fm8,"Native Instruments FM7, FM8 software TR sequencer",https://www.sequencer.de/syns/nativeinstruments/FM7_FM8.html
Softsynth,Massive,Native Instruments Massive software modulation step sequencer,https://www.sequencer.de/syns/nativeinstruments/Massive.html
Softsynth,Vokator,Native Instruments Vokator software modulation step sequencer,https://www.sequencer.de/syns/nativeinstruments/Vokator.html
Sampler,Maschine,Native Instruments Maschine Sampler groovebox sequencer,https://www.sequencer.de/syns/nativeinstruments/Maschine.html
Softsynth,Reason,Propellerheads Reason software sequencer performance sequencer,https://www.sequencer.de/syns/propellerheads/Reason.html
Softsynth,Komplexer,Terratec Komplexer software analog step sequencer,https://www.sequencer.de/syns/terratec/Komplexer.html
Softsynth,Diva,UHE Diva software,https://www.sequencer.de/syns/uhe/Diva.html
Softsynth,Zebra,UHE Zebra software,https://www.sequencer.de/syns/uhe/Zebra.html
Softsynth,Cube,Virsyn Cube software,https://www.sequencer.de/syns/virsyn/Cube.html
Softsynth,Largo,Waldorf Largo software step sequencer,https://www.sequencer.de/syns/waldorf/Largo.html
Drum Machine,Rhythmacefr20,Ace Tone Rhythm Ace FR20 Drummachine/Module simple sequencer,https://www.sequencer.de/syns/acetone/RhythmAceFR20.html
Drum Machine,Rhythmacefr1,Ace Tone Rhythm Ace FR1 Drummachine/Module simple sequencer,https://www.sequencer.de/syns/acetone/RhythmAceFR1.html
Drum Machine,Rhythmacefr2L,Ace Tone Rhythm Ace FR2L Drummachine/Module simple sequencer,https://www.sequencer.de/syns/acetone/RhythmAceFR2L.html
Drum Machine,Rhythmacefr3,Ace Tone Rhythm Ace FR3 Drummachine/Module simple sequencer,https://www.sequencer.de/syns/acetone/RhythmAceFR3.html
Drum Machine,Rhythmacefr7L Fr8L,"Ace Tone Rhythm Ace FR7L, FR8L Drummachine/Module simple sequencer",https://www.sequencer.de/syns/acetone/RhythmAceFR7L_FR8L.html
Drum Machine,Rhythmace55,Ace Tone Rhythm Ace 55 Drummachine/Module simple sequencer,https://www.sequencer.de/syns/acetone/RhythmAce55.html
Drum Machine,Miami,Acidlab Miami Drummachine/Module TR sequencer,https://www.sequencer.de/syns/acidlab/Miami.html
Sampler,Mpc60,Akai MPC60 Sampler real time sequencer,https://www.sequencer.de/syns/akai/MPC60.html
Sampler,Mpx8,Akai MPX8 Sampler,https://www.sequencer.de/syns/akai/MPX8.html
Drum Machine,Rhythmwolf,Akai Rhythm Wolf Drummachine/Module TR sequencer,https://www.sequencer.de/syns/akai/RhythmWolf.html
Sampler,Mpx16,Akai MPX16 Sampler,https://www.sequencer.de/syns/akai/MPX16.html
Drum Machine,Tomcat,Akai Tomcat Drummachine/Module TR sequencer,https://www.sequencer.de/syns/akai/TomCat.html
Drum Machine,Hr16 Hr16B,"Alesis HR16, HR16B Drummachine/Module real time sequencer",https://www.sequencer.de/syns/alesis/HR16_HR16B.html
Drum Machine,Sr16,Alesis SR16 Drummachine/Module real time sequencer,https://www.sequencer.de/syns/alesis/SR16.html
Sampler,Samplerack Samplepad,"Alesis Sample Rack , Sample Pad Sampler",https://www.sequencer.de/syns/alesis/SampleRack_SamplePad.html
Drum Machine,Rattlesnake,BME Rattlesnake Drummachine/Module step sequencer,https://www.sequencer.de/syns/bme/Rattlesnake.html
Drum Machine,Desertdrums,Cactus Desert Drums Drummachine/Module,https://www.sequencer.de/syns/cactus/DesertDrums.html
Sampler,Rz1,Casio RZ1 Sampler real time sequencer,https://www.sequencer.de/syns/casio/RZ1.html
Drum Machine,Md16,Cheetah MD16 Drummachine/Module real time sequencer,https://www.sequencer.de/syns/cheetah/MD16.html
Drum Machine,Norddrum Norddrum2,"Clavia Nord Drum , Nord Drum 2 Drummachine/Module",https://www.sequencer.de/syns/clavia/NordDrum_NordDrum2.html
Drum Machine,Drumsynthe Rds Ds7,"Coron Drum Synthe , RDS, DS7 Drummachine/Module",https://www.sequencer.de/syns/coron/DrumSynthe_RDS_DS7.html
Drum Machine,Minipops3,Diamond Minipops 3 Drummachine/Module simple sequencer,https://www.sequencer.de/syns/diamond/Minipops3.html
Drum Machine,Ritmo20,Eko Ritmo 20 Drummachine/Module,https://www.sequencer.de/syns/eko/Ritmo20.html
Drum Machine,Drm16,Electro Harmonix DRM16 Drummachine/Module simple sequencer,https://www.sequencer.de/syns/electroharmonix/DRM16.html
Drum Machine,Drumulator,Emu Drumulator Drummachine/Module real time sequencer,https://www.sequencer.de/syns/emu/Drumulator.html
Sampler,Sp1200 Sp12,"Emu SP1200, SP12 Sampler real time sequencer",https://www.sequencer.de/syns/emu/SP1200_SP12.html
Drum Machine,Procussion,Emu Procussion Drummachine/Module,https://www.sequencer.de/syns/emu/Procussion.html
Drum Machine,Proteus1Poprock,Emu Proteus 1Pop Rock Drummachine/Module,https://www.sequencer.de/syns/emu/Proteus1PopRock.html
Drum Machine,Proteus2Orchestral,Emu Proteus 2Orchestral Drummachine/Module,https://www.sequencer.de/syns/emu/Proteus2Orchestral.html
Drum Machine,Proteus3Worldinstruments,Emu Proteus 3World Instruments Drummachine/Module,https://www.sequencer.de/syns/emu/Proteus3WorldInstruments.html
Drum Machine,Xbase09,JoMoX XBase 09 Drummachine/Module TR sequencer,https://www.sequencer.de/syns/jomox/XBase09.html
Drum Machine,Mbase01,JoMoX mbase 01 Drummachine/Module,https://www.sequencer.de/syns/jomox/mbase01.html
Drum Machine,Airbase01 Jazbase03,"JoMoX Airbase 01, Jazbase 03 Drummachine/Module",https://www.sequencer.de/syns/jomox/Airbase01_Jazbase03.html
Drum Machine,Xbase999,JoMoX XBase 999 Drummachine/Module TR sequencer,https://www.sequencer.de/syns/jomox/XBase999.html
Drum Machine,Xbase888,JoMoX XBase 888 Drummachine/Module TR sequencer,https://www.sequencer.de/syns/jomox/XBase888.html
Drum Machine,Mbrane11,JoMoX m Brane 11 Drummachine/Module,https://www.sequencer.de/syns/jomox/mBrane11.html
Drum Machine,R100 R50,"Kawai R100, R50 Drummachine/Module real time sequencer",https://www.sequencer.de/syns/kawai/R100_R50.html
Drum Machine,Kpr55,Korg KPR55 Drummachine/Module simple sequencer,https://www.sequencer.de/syns/korg/KPR55.html
Drum Machine,Kpr77,Korg KPR77 Drummachine/Module step sequencer,https://www.sequencer.de/syns/korg/KPR77.html
Drum Machine,Minipops7,Korg Minipops 7 Drummachine/Module simple sequencer,https://www.sequencer.de/syns/korg/Minipops7.html
Drum Machine,Ddd1 Ddd5,"Korg DDD1, DDD5 Drummachine/Module real time sequencer",https://www.sequencer.de/syns/korg/DDD1_DDD5.html
Drum Machine,Ddm110 Ddm220,"Korg DDM110, DDM220 Drummachine/Module real time sequencer",https://www.sequencer.de/syns/korg/DDM110_DDM220.html
Drum Machine,S3,Korg S3 Drummachine/Module real time sequencer,https://www.sequencer.de/syns/korg/S3.html
Drum Machine,Minipops120,Korg Minipops 120 Drummachine/Module simple sequencer,https://www.sequencer.de/syns/korg/Minipops120.html
Drum Machine,Minipopsjuniorjr,Korg Minipops Junior JR Drummachine/Module simple sequencer,https://www.sequencer.de/syns/korg/MinipopsJuniorJR.html
Drum Machine,Minipops3,Korg Minipops 3 Drummachine/Module simple sequencer,https://www.sequencer.de/syns/korg/Minipops3.html
Drum Machine,Doncamatic Checkmate Rockmate,"Korg Donca Matic , Checkmate , Rockmate Drummachine/Module simple sequencer",https://www.sequencer.de/syns/korg/DoncaMatic_Checkmate_Rockmate.html
Drum Machine,Doncamatic De20,"Korg Donca Matic , DE20 Drummachine/Module simple sequencer",https://www.sequencer.de/syns/korg/DoncaMatic_DE20.html
Drum Machine,Wavedrumx Wavedrumoriental,"Korg Wavedrum X, Wavedrum Oriental Drummachine/Module",https://www.sequencer.de/syns/korg/WavedrumX_WavedrumOriental.html
Drum Machine,Wavedrummini,Korg Wavedrum Mini Drummachine/Module,https://www.sequencer.de/syns/korg/WavedrumMini.html
Drum Machine,Linndrum,Linn Linndrum Drummachine/Module real time sequencer,https://www.sequencer.de/syns/linn/Linndrum.html
Drum Machine,Linn9000,Linn Linn 9000 Drummachine/Module real time sequencer,https://www.sequencer.de/syns/linn/Linn9000.html
Drum Machine,Lm1,Linn LM1 Drummachine/Module real time sequencer,https://www.sequencer.de/syns/linn/LM1.html
Drum Machine,Adx1,MAM ADX1 Drummachine/Module,https://www.sequencer.de/syns/mam/ADX1.html
Drum Machine,D1000 Vacuumtubedrummachine,"Metasonix D1000, Vacuum Tube Drum Machine Drummachine/Module step sequencer",https://www.sequencer.de/syns/metasonix/D1000_VacuumTubeDrumMachine.html
Drum Machine,Mfb502,MFB MFB502 Drummachine/Module TR sequencer,https://www.sequencer.de/syns/mfb/MFB502.html
Drum Machine,Mfb501,MFB MFB501 Drummachine/Module simple sequencer,https://www.sequencer.de/syns/mfb/MFB501.html
Drum Machine,Mfb1001 Mfb2001 Mfb1002 Mfb2002,"MFB MFB1001, MFB2001, MFB1002, MFB2002 Drummachine/Module",https://www.sequencer.de/syns/mfb/MFB1001_MFB2001_MFB1002_MFB2002.html
Drum Machine,Mfb1005 Mfb2005,"MFB MFB1005, MFB2005 Drummachine/Module",https://www.sequencer.de/syns/mfb/MFB1005_MFB2005.html
Drum Machine,Mfb512,MFB MFB512 Drummachine/Module simple sequencer,https://www.sequencer.de/syns/mfb/MFB512.html
Drum Machine,Mfb612,MFB MFB612 Drummachine/Module simple sequencer,https://www.sequencer.de/syns/mfb/MFB612.html
Drum Machine,Mfb503,MFB MFB503 Drummachine/Module TR sequencer,https://www.sequencer.de/syns/mfb/MFB503.html
Drum Machine,Mfb522,MFB MFB522 Drummachine/Module TR sequencer,https://www.sequencer.de/syns/mfb/MFB522.html
Drum Machine,Tanzbaer,MFB Tanzbaer Drummachine/Module TR sequencer,https://www.sequencer.de/syns/mfb/Tanzbaer.html
Drum Machine,Adx1,Mode Machines ADX1 Drummachine/Module,https://www.sequencer.de/syns/modemachines/ADX1.html
Drum Machine,185,MXR 185 Drummachine/Module real time sequencer,https://www.sequencer.de/syns/mxr/185.html
Drum Machine,Drumstation,Novation Drumstation Drummachine/Module,https://www.sequencer.de/syns/novation/Drumstation.html
Drum Machine,Dmx,Oberheim DMX Drummachine/Module real time sequencer,https://www.sequencer.de/syns/oberheim/DMX.html
Drum Machine,Dx Stretchdx,"Oberheim DX, stretch DX Drummachine/Module real time sequencer",https://www.sequencer.de/syns/oberheim/DX_stretchDX.html
Sampler,Prommer,Oberheim Prommer Sampler real time sequencer,https://www.sequencer.de/syns/oberheim/Prommer.html
Drum Machine,Syncussion Sy1,"Pearl Syncussion , SY1 Drummachine/Module",https://www.sequencer.de/syns/pearl/Syncussion_SY1.html
Drum Machine,Rhythmer,Rising Rhythmer Drummachine/Module simple sequencer,https://www.sequencer.de/syns/rising/Rhythmer.html
Drum Machine,Tr808,Roland TR808 Drummachine/Module TR sequencer,https://www.sequencer.de/syns/roland/TR808.html
Drum Machine,Tr909,Roland TR909 Drummachine/Module TR sequencer,https://www.sequencer.de/syns/roland/TR909.html
Drum Machine,Tr606,Roland TR606 Drummachine/Module TR sequencer,https://www.sequencer.de/syns/roland/TR606.html
Drum Machine,Tr707,Roland TR707 Drummachine/Module TR sequencer,https://www.sequencer.de/syns/roland/TR707.html
Drum Machine,Tr727,Roland TR727 Drummachine/Module TR sequencer,https://www.sequencer.de/syns/roland/TR727.html
Drum Machine,Cr78,Roland CR78 Drummachine/Module step sequencer,https://www.sequencer.de/syns/roland/CR78.html
Drum Machine,Tr626,Roland TR626 Drummachine/Module TR sequencer,https://www.sequencer.de/syns/roland/TR626.html
Drum Machine,Tr505,Roland TR505 Drummachine/Module TR sequencer,https://www.sequencer.de/syns/roland/TR505.html
Drum Machine,Cr68,Roland CR68 Drummachine/Module simple sequencer,https://www.sequencer.de/syns/roland/CR68.html
Drum Machine,Cr8000,Roland CR8000 Drummachine/Module simple sequencer,https://www.sequencer.de/syns/roland/CR8000.html
Drum Machine,Tr66,Roland TR66 Drummachine/Module simple sequencer,https://www.sequencer.de/syns/roland/TR66.html
Drum Machine,R8 R8M,"Roland R8, r 8m Drummachine/Module step sequencer",https://www.sequencer.de/syns/roland/R8_r8m.html
Drum Machine,R70,Roland R70 Drummachine/Module step sequencer,https://www.sequencer.de/syns/roland/R70.html
Drum Machine,Dr55,Roland DR55 Drummachine/Module simple sequencer,https://www.sequencer.de/syns/roland/DR55.html
Drum Machine,Dr550 Dr660 Dr770,"Roland DR550, DR660, DR770 Drummachine/Module step sequencer",https://www.sequencer.de/syns/roland/DR550_DR660_DR770.html
Drum Machine,Dr110 Drrhythmgraphic,"Roland DR110, Dr Rhythm Graphic Drummachine/Module TR sequencer",https://www.sequencer.de/syns/roland/DR110_DrRhythmGraphic.html
Drum Machine,Tr8,Roland TR8 Drummachine/Module TR sequencer,https://www.sequencer.de/syns/roland/TR8.html
Drum Machine,Dpm48,Sakata DPM48 Drummachine/Module real time sequencer,https://www.sequencer.de/syns/sakata/DPM48.html
Drum Machine,Drumtraks,Sequential Circuits Drumtraks Drummachine/Module real time sequencer,https://www.sequencer.de/syns/sequentialcircuits/Drumtraks.html
Drum Machine,Tom,Sequential Circuits TOM Drummachine/Module real time sequencer,https://www.sequencer.de/syns/sequentialcircuits/TOM.html
Sampler,Studio440,Sequential Circuits Studio 440 Sampler real time sequencer,https://www.sequencer.de/syns/sequentialcircuits/Studio440.html
Drum Machine,Sds200,Simmons SDS200 Drummachine/Module,https://www.sequencer.de/syns/simmons/SDS200.html
Drum Machine,Sds8,Simmons SDS8 Drummachine/Module,https://www.sequencer.de/syns/simmons/SDS8.html
Drum Machine,Sds800,Simmons SDS800 Drummachine/Module,https://www.sequencer.de/syns/simmons/SDS800.html
Drum Machine,Sds6 Sds7,"Simmons SDS6, SDS7 Drummachine/Module TR sequencer",https://www.sequencer.de/syns/simmons/SDS6_SDS7.html
Drum Machine,Mtx9,Simmons MTX9 Drummachine/Module,https://www.sequencer.de/syns/simmons/MTX9.html
Drum Machine,Sds5 Sdsv,"Simmons SDS5, Sds V Drummachine/Module",https://www.sequencer.de/syns/simmons/SDS5_SdsV.html
Drum Machine,Disco64,Solton Disco 64 Drummachine/Module simple sequencer,https://www.sequencer.de/syns/solton/Disco64.html
Drum Machine,Lxr,Sonic Potions LXR Drummachine/Module TR sequencer,https://www.sequencer.de/syns/sonicpotions/LXR.html
Drum Machine,Sr88,Sound Master SR88 Drummachine/Module step sequencer,https://www.sequencer.de/syns/soundmaster/SR88.html
Drum Machine,Stixprogramma St305,"Sound Master Stix Programma , ST305 Drummachine/Module real time sequencer",https://www.sequencer.de/syns/soundmaster/StixProgramma_ST305.html
Drum Machine,Synare3,Star Instruments Synare 3 Drummachine/Module,https://www.sequencer.de/syns/starinstruments/Synare3.html
Drum Machine,Synare2,Star Instruments Synare 2 Drummachine/Module step sequencer,https://www.sequencer.de/syns/starinstruments/Synare2.html
Drum Machine,Drm1Mk2,Vermona DRM1Mk 2 Drummachine/Module,https://www.sequencer.de/syns/vermona/DRM1Mk2.html
Drum Machine,Drm,Vermona DRM Drummachine/Module TR sequencer,https://www.sequencer.de/syns/vermona/DRM.html
Drum Machine,Er9,Vermona ER9 Drummachine/Module simple sequencer,https://www.sequencer.de/syns/vermona/ER9.html
Drum Machine,Kicklancet,Vermona Kick Lancet Drummachine/Module,https://www.sequencer.de/syns/vermona/KickLancet.html
Drum Machine,Rackattack,Waldorf Rack Attack Drummachine/Module step sequencer,https://www.sequencer.de/syns/waldorf/RackAttack.html
Drum Machine,Sideman,Wurlitzer Sideman Drummachine/Module simple sequencer,https://www.sequencer.de/syns/wurlitzer/Sideman.html
Drum Machine,Ry10 Ry30 Ry20 Ry8,"Yamaha RY10, RY30, RY20, RY8 Drummachine/Module real time sequencer",https://www.sequencer.de/syns/yamaha/RY10_RY30_RY20_RY8.html
Drum Machine,Rm50,Yamaha RM50 Drummachine/Module,https://www.sequencer.de/syns/yamaha/RM50.html
Drum Machine,Mr10,Yamaha MR10 Drummachine/Module simple sequencer,https://www.sequencer.de/syns/yamaha/MR10.html
Sampler,Mpc2000 Mpc2000Xl,"Akai MPC2000, MPC2000XL Sampler real time sequencer",https://www.sequencer.de/syns/akai/MPC2000_MPC2000XL.html
Sampler,Mpc3000,Akai MPC3000 Sampler real time sequencer,https://www.sequencer.de/syns/akai/MPC3000.html
Sampler,Mpc1000 Mpc1000Bk,"Akai MPC1000, MPC1000BK Sampler real time sequencer",https://www.sequencer.de/syns/akai/MPC1000_MPC1000BK.html
Sampler,Mpc2500,Akai MPC2500 Sampler real time sequencer,https://www.sequencer.de/syns/akai/MPC2500.html
Sampler,Mpc4000,Akai MPC4000 Sampler real time sequencer,https://www.sequencer.de/syns/akai/MPC4000.html
Sampler,Mpc500,Akai MPC500 Sampler real time sequencer,https://www.sequencer.de/syns/akai/MPC500.html
Sampler,Mpc5000,Akai MPC5000 Sampler real time sequencer,https://www.sequencer.de/syns/akai/MPC5000.html
Sampler,Beatthang,Beatkangz Beat Thang Sampler real time sequencer,https://www.sequencer.de/syns/beatkangz/BeatThang.html
Groovebox,Tempest,Dave Smith Tempest groovebox TR sequencer,https://www.sequencer.de/syns/davesmith/Tempest.html
Groovebox,Machinedrum Uw Sps1,"Elektron Machinedrum , UW, sps 1 groovebox TR sequencer",https://www.sequencer.de/syns/elektron/Machinedrum_UW_sps1.html
Groovebox,Monomachine Sfx60,"Elektron Monomachine , SFX60 groovebox TR sequencer",https://www.sequencer.de/syns/elektron/Monomachine_SFX60.html
Groovebox,Machinedrummkii Sps1Uwmarkii,"Elektron Machinedrum Mk II, SPS1UWMark II groovebox TR sequencer",https://www.sequencer.de/syns/elektron/MachinedrumMkII_SPS1UWMarkII.html
Groovebox,Monomachinemkii Sfx60Markii,"Elektron Monomachine Mk II, SFX60Mark II groovebox TR sequencer",https://www.sequencer.de/syns/elektron/MonomachineMkII_SFX60MarkII.html
Sampler,Octatrack,Elektron Octatrack Sampler TR sequencer,https://www.sequencer.de/syns/elektron/Octatrack.html
Groovebox,Analogfour Analog4 A4,"Elektron Analog Four , Analog 4, A4 groovebox TR sequencer",https://www.sequencer.de/syns/elektron/AnalogFour_Analog4_A4.html
Groovebox,Analogkeys,Elektron Analog Keys groovebox TR sequencer,https://www.sequencer.de/syns/elektron/AnalogKeys.html
Groovebox,Analogrytm,Elektron Analog Rytm groovebox TR sequencer,https://www.sequencer.de/syns/elektron/AnalogRytm.html
Sampler,Asrx,Ensoniq Asr X Sampler advanced sequencer,https://www.sequencer.de/syns/ensoniq/AsrX.html
Sampler,Electribesx1 Esx1,"Korg Electribe SX1, ESX1 Sampler TR sequencer",https://www.sequencer.de/syns/korg/ElectribeSX1_ESX1.html
Groovebox,Electribemx1 Emx1,"Korg Electribe MX1, EMX1 groovebox TR sequencer",https://www.sequencer.de/syns/korg/ElectribeMX1_EMX1.html
Groovebox,Electribes Es1Mk2,"Korg Electribe S, ES1Mk 2 groovebox TR sequencer",https://www.sequencer.de/syns/korg/ElectribeS_ES1Mk2.html
Groovebox,Electribea Ea1Mk2,"Korg Electribe A, EA1Mk 2 groovebox TR sequencer",https://www.sequencer.de/syns/korg/ElectribeA_EA1Mk2.html
Groovebox,Electriber Er1Mk2,"Korg Electribe R, ER1Mk 2 groovebox TR sequencer",https://www.sequencer.de/syns/korg/ElectribeR_ER1Mk2.html
Groovebox,Electribem Em1,"Korg Electribe M, EM1 groovebox TR sequencer",https://www.sequencer.de/syns/korg/ElectribeM_EM1.html
Groovebox,Volcabeats,Korg Volca Beats groovebox TR sequencer,https://www.sequencer.de/syns/korg/VolcaBeats.html
Groovebox,Volcabass,Korg Volca Bass groovebox TR sequencer,https://www.sequencer.de/syns/korg/VolcaBass.html
Groovebox,Electribe2,Korg Electribe 2 groovebox TR sequencer,https://www.sequencer.de/syns/korg/Electribe2.html
Sampler,Electribesampler2S 2S Sampler2S S2,"Korg Electribe Sampler 2S, 2S, Sampler 2S, s 2 Sampler TR sequencer",https://www.sequencer.de/syns/korg/ElectribeSampler2S_2S_Sampler2S_s2.html
Groovebox,Raveolution309,Quasimidi Rave Olution 309 groovebox TR sequencer,https://www.sequencer.de/syns/quasimidi/RaveOlution309.html
Groovebox,Spectralis,Radikal Spectralis groovebox TR sequencer,https://www.sequencer.de/syns/radikal/Spectralis.html
Groovebox,Mc303,Roland MC303 groovebox TR sequencer,https://www.sequencer.de/syns/roland/MC303.html
Groovebox,Mc505 Eg101 Jx305,"Roland MC505, EG101, JX305 groovebox TR sequencer",https://www.sequencer.de/syns/roland/MC505_EG101_JX305.html
Sampler,Mc909,Roland MC909 Sampler TR sequencer,https://www.sequencer.de/syns/roland/MC909.html
Sampler,Sp505 Sp606,"Roland SP505, SP606 Sampler simple sequencer",https://www.sequencer.de/syns/roland/SP505_SP606.html
Sampler,Mc09 Phraselab,"Roland MC09, Phrase Lab Sampler TR sequencer",https://www.sequencer.de/syns/roland/MC09_PhraseLab.html
Groovebox,D2,Roland D2 groovebox midi sequencer,https://www.sequencer.de/syns/roland/D2.html
Sampler,Sp202 Sp303,"Roland SP202, SP303 Sampler simple sequencer",https://www.sequencer.de/syns/roland/SP202_SP303.html
Sampler,Sp404,Roland SP404 Sampler simple sequencer,https://www.sequencer.de/syns/roland/SP404.html
Sampler,Mc808,Roland MC808 Sampler TR sequencer,https://www.sequencer.de/syns/roland/MC808.html
Sampler,Sp555,Roland SP555 Sampler simple sequencer,https://www.sequencer.de/syns/roland/SP555.html
Groovebox,Mc307,Roland MC307 groovebox TR sequencer,https://www.sequencer.de/syns/roland/MC307.html
Sampler,Mv8000 Mv8800,"Roland MV8000, MV8800 Sampler arranger sequencer",https://www.sequencer.de/syns/roland/MV8000_MV8800.html
Sampler,Sp404Sx,Roland SP404SX Sampler simple sequencer,https://www.sequencer.de/syns/roland/SP404SX.html
Groovebox,Dx200,Yamaha DX200 groovebox TR sequencer,https://www.sequencer.de/syns/yamaha/DX200.html
Groovebox,An200,Yamaha AN200 groovebox TR sequencer,https://www.sequencer.de/syns/yamaha/AN200.html
Groovebox,Rm1X,Yamaha RM1x groovebox TR sequencer,https://www.sequencer.de/syns/yamaha/RM1x.html
Sampler,Rs7000,Yamaha RS7000 Sampler TR sequencer,https://www.sequencer.de/syns/yamaha/RS7000.html
Sampler,Su700,Yamaha SU700 Sampler real time sequencer,https://www.sequencer.de/syns/yamaha/SU700.html
Sampler,Su200 Su10,"Yamaha SU200, SU10 Sampler real time sequencer",https://www.sequencer.de/syns/yamaha/SU200_SU10.html
Sampler,Tenorion,Yamaha Tenori On Sampler TR sequencer,https://www.sequencer.de/syns/yamaha/TenoriOn.html
